Station Name,Date,Humidity_Min,Humidity Min. Source Flag,Humidity Min. Record Completeness (%),Humidity_Max,Humidity Max. Source Flag,Humidity Max. Record Completeness (%),Relative_Humidity_Avg,Relative Humidity Avg. Source Flag,Relative Humidity Avg. Record Completeness (%)
Edmonton South Campus UA,28-Mar-20,57.6,ACTUAL,100,83.3,ACTUAL,100,72.4,AGGREGATED,100
Edmonton South Campus UA,29-Mar-20,72.3,ACTUAL,100,88.9,ACTUAL,100,80.1,AGGREGATED,100
Edmonton South Campus UA,30-Mar-20,70.2,ACTUAL,100,92.1,ACTUAL,100,82.2,AGGREGATED,100
Edmonton South Campus UA,31-Mar-20,58.1,ACTUAL,100,88,ACTUAL,100,75.1,AGGREGATED,100
Edmonton South Campus UA,1-Apr-20,51.5,ACTUAL,100,80.9,ACTUAL,100,66.9,AGGREGATED,100
Edmonton South Campus UA,2-Apr-20,42,ACTUAL,100,86.2,ACTUAL,100,65.1,AGGREGATED,100
Edmonton South Campus UA,3-Apr-20,49.2,ACTUAL,100,82.6,ACTUAL,100,65.1,AGGREGATED,100
Edmonton South Campus UA,4-Apr-20,56.6,ACTUAL,100,87.9,ACTUAL,100,72.1,AGGREGATED,100
Edmonton South Campus UA,5-Apr-20,73.2,ACTUAL,100,87.9,ACTUAL,100,80.6,AGGREGATED,100
Edmonton South Campus UA,6-Apr-20,54.7,ACTUAL,100,93,ACTUAL,100,73.7,AGGREGATED,100
Edmonton South Campus UA,7-Apr-20,31.9,ACTUAL,100,77.8,ACTUAL,100,52,AGGREGATED,100
Edmonton South Campus UA,8-Apr-20,33.8,ACTUAL,100,57.7,ACTUAL,100,47.1,AGGREGATED,100
Edmonton South Campus UA,9-Apr-20,42.7,ACTUAL,100,67.2,ACTUAL,100,55.7,AGGREGATED,100
Edmonton South Campus UA,10-Apr-20,43.7,ACTUAL,100,93.8,ACTUAL,100,62.3,AGGREGATED,100
Edmonton South Campus UA,11-Apr-20,35.5,ACTUAL,100,67.5,ACTUAL,100,48.7,AGGREGATED,100
Edmonton South Campus UA,12-Apr-20,40.3,ACTUAL,100,83.2,ACTUAL,100,59.1,AGGREGATED,100
Edmonton South Campus UA,13-Apr-20,32.5,ACTUAL,100,75.7,ACTUAL,100,52.2,AGGREGATED,100
Edmonton South Campus UA,14-Apr-20,55.1,ACTUAL,100,90.8,ACTUAL,100,71.6,AGGREGATED,100
Edmonton South Campus UA,15-Apr-20,53.4,ACTUAL,100,83.1,ACTUAL,100,64.8,AGGREGATED,100
Edmonton South Campus UA,16-Apr-20,34.1,ACTUAL,100,89.9,ACTUAL,100,62.8,AGGREGATED,100
Edmonton South Campus UA,17-Apr-20,46.4,ACTUAL,100,85.8,ACTUAL,100,64,AGGREGATED,100
Edmonton South Campus UA,18-Apr-20,37.3,ACTUAL,100,88.6,ACTUAL,100,58.5,AGGREGATED,100
Edmonton South Campus UA,19-Apr-20,32.9,ACTUAL,100,79.7,ACTUAL,100,52.8,AGGREGATED,100
Edmonton South Campus UA,20-Apr-20,24.7,ACTUAL,100,61.6,ACTUAL,100,42.5,AGGREGATED,100
Edmonton South Campus UA,21-Apr-20,27.5,ACTUAL,100,52,ACTUAL,100,38.3,AGGREGATED,100
Edmonton South Campus UA,22-Apr-20,27.9,ACTUAL,100,54,ACTUAL,100,41.9,AGGREGATED,100
Edmonton South Campus UA,23-Apr-20,27.8,ACTUAL,100,62.6,ACTUAL,100,41.9,AGGREGATED,100
Edmonton South Campus UA,24-Apr-20,20.9,ACTUAL,100,58.8,ACTUAL,100,39.2,AGGREGATED,100
Edmonton South Campus UA,25-Apr-20,19.1,ACTUAL,100,60.6,ACTUAL,100,35.9,AGGREGATED,100
Edmonton South Campus UA,26-Apr-20,22.1,ACTUAL,100,66.9,ACTUAL,100,40,AGGREGATED,100
Edmonton South Campus UA,27-Apr-20,22.1,ACTUAL,100,66.5,ACTUAL,100,50.5,AGGREGATED,100
Edmonton South Campus UA,28-Apr-20,15.9,ACTUAL,100,66.3,ACTUAL,100,36.4,AGGREGATED,100
Edmonton South Campus UA,29-Apr-20,15.9,ACTUAL,100,60.3,ACTUAL,100,33,AGGREGATED,100
Edmonton South Campus UA,30-Apr-20,34.6,ACTUAL,100,71.8,ACTUAL,100,54.6,AGGREGATED,100
Edmonton South Campus UA,1-May-20,29.5,ACTUAL,100,71.2,ACTUAL,100,48.2,AGGREGATED,100
Edmonton South Campus UA,2-May-20,21.4,ACTUAL,100,85.7,ACTUAL,100,44.2,AGGREGATED,100
Edmonton South Campus UA,3-May-20,27.8,ACTUAL,100,96,ACTUAL,100,52.6,AGGREGATED,100
Edmonton South Campus UA,4-May-20,77,ACTUAL,100,97.1,ACTUAL,100,91.3,AGGREGATED,100
Edmonton South Campus UA,5-May-20,35.7,ACTUAL,100,97.1,ACTUAL,100,63.4,AGGREGATED,100
Edmonton South Campus UA,6-May-20,19.8,ACTUAL,100,63,ACTUAL,100,38.4,AGGREGATED,100
Edmonton South Campus UA,7-May-20,23.3,ACTUAL,100,91.2,ACTUAL,100,46.4,AGGREGATED,100
Edmonton South Campus UA,8-May-20,31.6,ACTUAL,100,95.7,ACTUAL,100,69.6,AGGREGATED,100
Edmonton South Campus UA,9-May-20,41.4,ACTUAL,100,84.1,ACTUAL,100,62.2,AGGREGATED,100
Edmonton South Campus UA,10-May-20,56.5,ACTUAL,100,88.3,ACTUAL,100,78,AGGREGATED,100
Edmonton South Campus UA,11-May-20,24.3,ACTUAL,100,77.5,ACTUAL,100,45.1,AGGREGATED,100
Edmonton South Campus UA,12-May-20,21.1,ACTUAL,100,45.2,ACTUAL,100,31.1,AGGREGATED,100
Edmonton South Campus UA,13-May-20,18.6,ACTUAL,100,68.1,ACTUAL,100,36.3,AGGREGATED,100
Edmonton South Campus UA,14-May-20,38,ACTUAL,100,68.2,ACTUAL,100,49,AGGREGATED,100
Edmonton South Campus UA,15-May-20,30,ACTUAL,100,55.2,ACTUAL,100,42.6,AGGREGATED,100
Edmonton South Campus UA,16-May-20,18.7,ACTUAL,100,67.3,ACTUAL,100,40.6,AGGREGATED,100
Edmonton South Campus UA,17-May-20,29.7,ACTUAL,100,65.5,ACTUAL,100,44.8,AGGREGATED,100
Edmonton South Campus UA,18-May-20,50.2,ACTUAL,100,88,ACTUAL,100,65.3,AGGREGATED,100
Edmonton South Campus UA,19-May-20,40.1,ACTUAL,100,86.9,ACTUAL,100,61.9,AGGREGATED,100
Edmonton South Campus UA,20-May-20,40.5,ACTUAL,100,70.4,ACTUAL,100,55.5,AGGREGATED,100
Edmonton South Campus UA,21-May-20,60.9,ACTUAL,100,97.3,ACTUAL,100,91.1,AGGREGATED,100
Edmonton South Campus UA,22-May-20,82.4,ACTUAL,100,96.8,ACTUAL,100,90.2,AGGREGATED,100
Edmonton South Campus UA,23-May-20,43.8,ACTUAL,100,89.2,ACTUAL,100,69.8,AGGREGATED,100
Edmonton South Campus UA,24-May-20,23.2,ACTUAL,100,89.4,ACTUAL,100,52.3,AGGREGATED,100
Edmonton South Campus UA,25-May-20,28.4,ACTUAL,100,75.5,ACTUAL,100,48.5,AGGREGATED,100
Edmonton South Campus UA,26-May-20,29.8,ACTUAL,100,87.2,ACTUAL,100,56.2,AGGREGATED,100
Edmonton South Campus UA,27-May-20,43.3,ACTUAL,100,65.7,ACTUAL,100,56.7,AGGREGATED,100
Edmonton South Campus UA,28-May-20,26.4,ACTUAL,100,90,ACTUAL,100,52,AGGREGATED,100
Edmonton South Campus UA,29-May-20,33.6,ACTUAL,100,77.2,ACTUAL,100,50.1,AGGREGATED,100
Edmonton South Campus UA,30-May-20,38.4,ACTUAL,100,57.7,ACTUAL,100,46.1,AGGREGATED,100
Edmonton South Campus UA,31-May-20,41.9,ACTUAL,100,90.8,ACTUAL,100,62.6,AGGREGATED,100
Edmonton South Campus UA,1-Jun-20,25.9,ACTUAL,100,67.8,ACTUAL,100,40.8,AGGREGATED,100
Edmonton South Campus UA,2-Jun-20,22.7,ACTUAL,100,72.8,ACTUAL,100,45.2,AGGREGATED,100
Edmonton South Campus UA,3-Jun-20,27.6,ACTUAL,100,84.1,ACTUAL,100,55.3,AGGREGATED,100
Edmonton South Campus UA,4-Jun-20,37.7,ACTUAL,100,83.4,ACTUAL,100,62.1,AGGREGATED,100
Edmonton South Campus UA,5-Jun-20,36.3,ACTUAL,100,95.1,ACTUAL,100,60.3,AGGREGATED,100
Edmonton South Campus UA,6-Jun-20,54.6,ACTUAL,100,95.5,ACTUAL,100,83.6,AGGREGATED,100
Edmonton South Campus UA,7-Jun-20,88.4,ACTUAL,100,97.3,ACTUAL,100,93.1,AGGREGATED,100
Edmonton South Campus UA,8-Jun-20,45.2,ACTUAL,100,93.6,ACTUAL,100,70,AGGREGATED,100
Edmonton South Campus UA,9-Jun-20,25.5,ACTUAL,100,85.7,ACTUAL,100,50.1,AGGREGATED,100
Edmonton South Campus UA,10-Jun-20,28.4,ACTUAL,100,78.7,ACTUAL,100,48.1,AGGREGATED,100
Edmonton South Campus UA,11-Jun-20,26.1,ACTUAL,100,81.1,ACTUAL,100,55.7,AGGREGATED,100
Edmonton South Campus UA,12-Jun-20,26.1,ACTUAL,100,76.2,ACTUAL,100,50.6,AGGREGATED,100
Edmonton South Campus UA,13-Jun-20,63.1,ACTUAL,100,84.9,ACTUAL,100,73.1,AGGREGATED,100
Edmonton South Campus UA,14-Jun-20,49.5,ACTUAL,100,96.3,ACTUAL,100,79.1,AGGREGATED,100
Edmonton South Campus UA,15-Jun-20,33.6,ACTUAL,100,89,ACTUAL,100,70.6,AGGREGATED,100
Edmonton South Campus UA,16-Jun-20,38.1,ACTUAL,100,93.8,ACTUAL,100,61.9,AGGREGATED,100
Edmonton South Campus UA,17-Jun-20,71.9,ACTUAL,100,94.9,ACTUAL,100,80.7,AGGREGATED,100
Edmonton South Campus UA,18-Jun-20,43.5,ACTUAL,100,97.2,ACTUAL,100,66.2,AGGREGATED,100
Edmonton South Campus UA,19-Jun-20,24.7,ACTUAL,100,87.6,ACTUAL,100,52.2,AGGREGATED,100
Edmonton South Campus UA,20-Jun-20,31.4,ACTUAL,100,76.7,ACTUAL,100,49.1,AGGREGATED,100
Edmonton South Campus UA,21-Jun-20,53.2,ACTUAL,100,92.9,ACTUAL,100,72,AGGREGATED,100
Edmonton South Campus UA,22-Jun-20,38.1,ACTUAL,100,87.5,ACTUAL,100,61,AGGREGATED,100
Edmonton South Campus UA,23-Jun-20,32.2,ACTUAL,100,88.8,ACTUAL,100,59.4,AGGREGATED,100
Edmonton South Campus UA,24-Jun-20,54.1,ACTUAL,100,94.5,ACTUAL,100,74.4,AGGREGATED,100
Edmonton South Campus UA,25-Jun-20,28.4,ACTUAL,100,92.2,ACTUAL,100,56.6,AGGREGATED,100
Edmonton South Campus UA,26-Jun-20,47.1,ACTUAL,100,77.8,ACTUAL,100,60.3,AGGREGATED,100
Edmonton South Campus UA,27-Jun-20,50.8,ACTUAL,100,93.8,ACTUAL,100,74.7,AGGREGATED,100
Edmonton South Campus UA,28-Jun-20,59,ACTUAL,100,87.9,ACTUAL,100,77.8,AGGREGATED,100
Edmonton South Campus UA,29-Jun-20,47.7,ACTUAL,100,92.5,ACTUAL,100,76.8,AGGREGATED,100
Edmonton South Campus UA,30-Jun-20,82.2,ACTUAL,100,98.1,ACTUAL,100,91.8,AGGREGATED,100
Edmonton South Campus UA,1-Jul-20,70,ACTUAL,100,99.2,ACTUAL,100,89.3,AGGREGATED,100
Edmonton South Campus UA,2-Jul-20,49,ACTUAL,100,86.9,ACTUAL,100,70.2,AGGREGATED,100
Edmonton South Campus UA,3-Jul-20,37.6,ACTUAL,100,85.8,ACTUAL,100,60.2,AGGREGATED,100
Edmonton South Campus UA,4-Jul-20,47.9,ACTUAL,100,88.1,ACTUAL,100,73.3,AGGREGATED,100
Edmonton South Campus UA,5-Jul-20,52.7,ACTUAL,100,95.3,ACTUAL,100,78.2,AGGREGATED,100
Edmonton South Campus UA,6-Jul-20,41,ACTUAL,100,95.9,ACTUAL,100,65.6,AGGREGATED,100
Edmonton South Campus UA,7-Jul-20,59.3,ACTUAL,100,96.6,ACTUAL,100,77.8,AGGREGATED,100
Edmonton South Campus UA,8-Jul-20,77.2,ACTUAL,100,96.9,ACTUAL,100,90,AGGREGATED,100
Edmonton South Campus UA,9-Jul-20,53.5,ACTUAL,100,98.2,ACTUAL,100,74.1,AGGREGATED,100
Edmonton South Campus UA,10-Jul-20,41.1,ACTUAL,100,97.8,ACTUAL,100,68.4,AGGREGATED,100
Edmonton South Campus UA,11-Jul-20,30.9,ACTUAL,100,86.8,ACTUAL,100,56.9,AGGREGATED,100
Edmonton South Campus UA,12-Jul-20,43.2,ACTUAL,100,90.5,ACTUAL,100,67.8,AGGREGATED,100
Edmonton South Campus UA,13-Jul-20,48.3,ACTUAL,100,79.5,ACTUAL,100,65.6,AGGREGATED,100
Edmonton South Campus UA,14-Jul-20,32.9,ACTUAL,100,66.2,ACTUAL,100,49.8,AGGREGATED,100
Edmonton South Campus UA,15-Jul-20,46.6,ACTUAL,100,90.3,ACTUAL,100,63.6,AGGREGATED,100
Edmonton South Campus UA,16-Jul-20,39.9,ACTUAL,100,96.6,ACTUAL,100,74.1,AGGREGATED,100
Edmonton South Campus UA,17-Jul-20,41.8,ACTUAL,100,96.7,ACTUAL,100,67.9,AGGREGATED,100
Edmonton South Campus UA,18-Jul-20,44.9,ACTUAL,100,81.1,ACTUAL,100,63.4,AGGREGATED,100
Edmonton South Campus UA,19-Jul-20,50.9,ACTUAL,100,93.4,ACTUAL,100,76,AGGREGATED,100
Edmonton South Campus UA,20-Jul-20,42.2,ACTUAL,100,91.5,ACTUAL,100,67.5,AGGREGATED,100
Edmonton South Campus UA,21-Jul-20,54.2,ACTUAL,100,89.1,ACTUAL,100,71.3,AGGREGATED,100
Edmonton South Campus UA,22-Jul-20,43.3,ACTUAL,100,97.3,ACTUAL,100,71.2,AGGREGATED,100
Edmonton South Campus UA,23-Jul-20,65.6,ACTUAL,100,95.2,ACTUAL,100,83.5,AGGREGATED,100
Edmonton South Campus UA,24-Jul-20,44,ACTUAL,100,98.9,ACTUAL,100,74.6,AGGREGATED,100
Edmonton South Campus UA,25-Jul-20,53,ACTUAL,100,82.7,ACTUAL,100,66.5,AGGREGATED,100
Edmonton South Campus UA,26-Jul-20,37.7,ACTUAL,100,86.9,ACTUAL,100,59.6,AGGREGATED,100
Edmonton South Campus UA,27-Jul-20,39.9,ACTUAL,100,83.8,ACTUAL,100,60.5,AGGREGATED,100
Edmonton South Campus UA,28-Jul-20,40.9,ACTUAL,100,74.6,ACTUAL,100,61.8,AGGREGATED,100
Edmonton South Campus UA,29-Jul-20,41.4,ACTUAL,100,83,ACTUAL,100,62.4,AGGREGATED,100
Edmonton South Campus UA,30-Jul-20,40.8,ACTUAL,100,90.8,ACTUAL,100,67.7,AGGREGATED,100
Edmonton South Campus UA,31-Jul-20,39.8,ACTUAL,100,79.3,ACTUAL,100,61.3,AGGREGATED,100
Edmonton South Campus UA,1-Aug-20,45.4,ACTUAL,100,67.1,ACTUAL,100,54.1,AGGREGATED,100
Edmonton South Campus UA,2-Aug-20,41.4,ACTUAL,100,62.5,ACTUAL,100,54.4,AGGREGATED,100
Edmonton South Campus UA,3-Aug-20,54.1,ACTUAL,100,95.9,ACTUAL,100,72.3,AGGREGATED,100
Edmonton South Campus UA,4-Aug-20,39.8,ACTUAL,100,95.3,ACTUAL,100,64.8,AGGREGATED,100
Edmonton South Campus UA,5-Aug-20,33,ACTUAL,100,91.5,ACTUAL,100,59.7,AGGREGATED,100
Edmonton South Campus UA,6-Aug-20,48.6,ACTUAL,100,74.6,ACTUAL,100,58.7,AGGREGATED,100
Edmonton South Campus UA,7-Aug-20,37.5,ACTUAL,100,82.7,ACTUAL,100,63.9,AGGREGATED,100
Edmonton South Campus UA,8-Aug-20,38.9,ACTUAL,100,79.2,ACTUAL,100,60.5,AGGREGATED,100
Edmonton South Campus UA,9-Aug-20,29.6,ACTUAL,100,68.9,ACTUAL,100,48,AGGREGATED,100
Edmonton South Campus UA,10-Aug-20,28.3,ACTUAL,100,67.9,ACTUAL,100,47.5,AGGREGATED,100
Edmonton South Campus UA,11-Aug-20,30,ACTUAL,100,87.1,ACTUAL,100,57.7,AGGREGATED,100
Edmonton South Campus UA,12-Aug-20,39,ACTUAL,100,96.1,ACTUAL,100,66.3,AGGREGATED,100
Edmonton South Campus UA,13-Aug-20,36.1,ACTUAL,100,80.1,ACTUAL,100,53.3,AGGREGATED,100
Edmonton South Campus UA,14-Aug-20,35.1,ACTUAL,100,80.2,ACTUAL,100,57.5,AGGREGATED,100
Edmonton South Campus UA,15-Aug-20,47.8,ACTUAL,100,79.7,ACTUAL,100,63.4,AGGREGATED,100
Edmonton South Campus UA,16-Aug-20,33.6,ACTUAL,100,87.7,ACTUAL,100,58.8,AGGREGATED,100
Edmonton South Campus UA,17-Aug-20,29.1,ACTUAL,100,78.2,ACTUAL,100,56.8,AGGREGATED,100
Edmonton South Campus UA,18-Aug-20,29.1,ACTUAL,100,86.3,ACTUAL,100,58.7,AGGREGATED,100
Edmonton South Campus UA,19-Aug-20,29.5,ACTUAL,100,74,ACTUAL,100,52.1,AGGREGATED,100
Edmonton South Campus UA,20-Aug-20,38.7,ACTUAL,100,95.6,ACTUAL,100,67.8,AGGREGATED,100
Edmonton South Campus UA,21-Aug-20,46.8,ACTUAL,100,96.1,ACTUAL,100,73.8,AGGREGATED,100
Edmonton South Campus UA,22-Aug-20,40,ACTUAL,100,93.8,ACTUAL,100,75.1,AGGREGATED,100
Edmonton South Campus UA,23-Aug-20,31.9,ACTUAL,100,90.2,ACTUAL,100,56.9,AGGREGATED,100
Edmonton South Campus UA,24-Aug-20,40,ACTUAL,100,96.4,ACTUAL,100,67.2,AGGREGATED,100
Edmonton South Campus UA,25-Aug-20,36.6,ACTUAL,100,99.2,ACTUAL,100,70.2,AGGREGATED,100
Edmonton South Campus UA,26-Aug-20,34.6,ACTUAL,100,93.9,ACTUAL,100,72.5,AGGREGATED,100
Edmonton South Campus UA,27-Aug-20,37.6,ACTUAL,100,90.5,ACTUAL,100,65.2,AGGREGATED,100
Edmonton South Campus UA,28-Aug-20,41.4,ACTUAL,100,91.2,ACTUAL,100,63.3,AGGREGATED,100
Edmonton South Campus UA,29-Aug-20,28.6,ACTUAL,100,86.9,ACTUAL,100,55.6,AGGREGATED,100
Edmonton South Campus UA,30-Aug-20,30,ACTUAL,100,69.1,ACTUAL,100,51.3,AGGREGATED,100
Edmonton South Campus UA,31-Aug-20,41.1,ACTUAL,100,90.3,ACTUAL,100,61.7,AGGREGATED,100
Edmonton South Campus UA,1-Sep-20,30.8,ACTUAL,100,60.6,ACTUAL,100,45.7,AGGREGATED,100
Edmonton South Campus UA,2-Sep-20,41,ACTUAL,100,95.2,ACTUAL,100,66.8,AGGREGATED,100
Edmonton South Campus UA,3-Sep-20,38.9,ACTUAL,100,82.1,ACTUAL,100,62.9,AGGREGATED,100
Edmonton South Campus UA,4-Sep-20,38,ACTUAL,100,90.5,ACTUAL,100,65,AGGREGATED,100
Edmonton South Campus UA,5-Sep-20,43.7,ACTUAL,100,92.1,ACTUAL,100,71.7,AGGREGATED,100
Edmonton South Campus UA,6-Sep-20,50,ACTUAL,100,90.1,ACTUAL,100,71.5,AGGREGATED,100
Edmonton South Campus UA,7-Sep-20,47.6,ACTUAL,100,88.5,ACTUAL,100,76.4,AGGREGATED,100
Edmonton South Campus UA,8-Sep-20,37,ACTUAL,100,89.6,ACTUAL,100,64.6,AGGREGATED,100
Edmonton South Campus UA,9-Sep-20,41.4,ACTUAL,100,92.4,ACTUAL,100,69.8,AGGREGATED,100
Edmonton South Campus UA,10-Sep-20,30.2,ACTUAL,100,85.2,ACTUAL,100,60,AGGREGATED,100
Edmonton South Campus UA,11-Sep-20,48.8,ACTUAL,100,83.8,ACTUAL,100,62.5,AGGREGATED,100
Edmonton South Campus UA,12-Sep-20,58.9,ACTUAL,100,82.8,ACTUAL,100,69.2,AGGREGATED,100
Edmonton South Campus UA,13-Sep-20,69,ACTUAL,100,88.5,ACTUAL,100,77.7,AGGREGATED,100
Edmonton South Campus UA,14-Sep-20,68.8,ACTUAL,100,88,ACTUAL,100,80.5,AGGREGATED,100
Edmonton South Campus UA,15-Sep-20,56.5,ACTUAL,100,90.7,ACTUAL,100,77.4,AGGREGATED,100
Edmonton South Campus UA,16-Sep-20,39.3,ACTUAL,100,93.2,ACTUAL,100,70.9,AGGREGATED,100
Edmonton South Campus UA,17-Sep-20,34.8,ACTUAL,100,97.4,ACTUAL,100,63.6,AGGREGATED,100
Edmonton South Campus UA,18-Sep-20,49,ACTUAL,100,88.2,ACTUAL,100,62.9,AGGREGATED,100
Edmonton South Campus UA,19-Sep-20,65.5,ACTUAL,100,97,ACTUAL,100,83.4,AGGREGATED,100
Edmonton South Campus UA,20-Sep-20,33.9,ACTUAL,100,80.3,ACTUAL,100,61,AGGREGATED,100
Edmonton South Campus UA,21-Sep-20,41.1,ACTUAL,100,84.2,ACTUAL,100,63.3,AGGREGATED,100
Edmonton South Campus UA,22-Sep-20,37.7,ACTUAL,100,83.3,ACTUAL,100,60.6,AGGREGATED,100
Edmonton South Campus UA,23-Sep-20,37.1,ACTUAL,100,78.7,ACTUAL,100,59,AGGREGATED,100
Edmonton South Campus UA,24-Sep-20,21.2,ACTUAL,100,72.4,ACTUAL,100,46.6,AGGREGATED,100
Edmonton South Campus UA,25-Sep-20,22.5,ACTUAL,100,71.5,ACTUAL,100,46.3,AGGREGATED,100
Edmonton South Campus UA,26-Sep-20,27.6,ACTUAL,100,70.6,ACTUAL,100,47,AGGREGATED,100
Edmonton South Campus UA,27-Sep-20,33.8,ACTUAL,100,57.6,ACTUAL,100,46.5,AGGREGATED,100
Edmonton South Campus UA,28-Sep-20,37.2,ACTUAL,100,59.3,ACTUAL,100,49.9,AGGREGATED,100
Edmonton South Campus UA,29-Sep-20,20.2,ACTUAL,100,76.1,ACTUAL,100,43.8,AGGREGATED,100
Edmonton South Campus UA,30-Sep-20,34.6,ACTUAL,100,65,ACTUAL,100,49.3,AGGREGATED,100
Edmonton South Campus UA,1-Oct-20,36.9,ACTUAL,100,72,ACTUAL,100,57.5,AGGREGATED,100
Edmonton South Campus UA,2-Oct-20,30.9,ACTUAL,100,85.7,ACTUAL,100,58.2,AGGREGATED,100
Edmonton South Campus UA,3-Oct-20,30.3,ACTUAL,100,84,ACTUAL,100,56.1,AGGREGATED,100
Edmonton South Campus UA,4-Oct-20,38,ACTUAL,100,82.1,ACTUAL,100,69.9,AGGREGATED,100
Edmonton South Campus UA,5-Oct-20,36.4,ACTUAL,100,70.5,ACTUAL,100,51.5,AGGREGATED,100
Edmonton South Campus UA,6-Oct-20,17.3,ACTUAL,100,61,ACTUAL,100,40.4,AGGREGATED,100
Edmonton South Campus UA,7-Oct-20,29.7,ACTUAL,100,56.2,ACTUAL,100,39.4,AGGREGATED,100
Edmonton South Campus UA,8-Oct-20,41.2,ACTUAL,100,82.1,ACTUAL,100,57.9,AGGREGATED,100
Edmonton South Campus UA,9-Oct-20,54.2,ACTUAL,100,90.3,ACTUAL,100,69.4,AGGREGATED,100
Edmonton South Campus UA,10-Oct-20,59.8,ACTUAL,100,92.3,ACTUAL,100,70.8,AGGREGATED,100
Edmonton South Campus UA,11-Oct-20,46,ACTUAL,100,83,ACTUAL,100,61.8,AGGREGATED,100
Edmonton South Campus UA,12-Oct-20,32.8,ACTUAL,100,80.3,ACTUAL,100,59,AGGREGATED,100
Edmonton South Campus UA,13-Oct-20,45.5,ACTUAL,100,70,ACTUAL,100,57,AGGREGATED,100
Edmonton South Campus UA,14-Oct-20,44.6,ACTUAL,100,83.4,ACTUAL,100,65,AGGREGATED,100
Edmonton South Campus UA,15-Oct-20,37.6,ACTUAL,100,84.1,ACTUAL,100,64.4,AGGREGATED,100
Edmonton South Campus UA,16-Oct-20,32.6,ACTUAL,100,89.3,ACTUAL,100,63,AGGREGATED,100
Edmonton South Campus UA,17-Oct-20,51.4,ACTUAL,100,72.1,ACTUAL,100,63.2,AGGREGATED,100
Edmonton South Campus UA,18-Oct-20,53.9,ACTUAL,100,77.5,ACTUAL,100,65.7,AGGREGATED,100
Edmonton South Campus UA,19-Oct-20,62.7,ACTUAL,100,92.9,ACTUAL,100,75.2,AGGREGATED,100
Edmonton South Campus UA,20-Oct-20,47.9,ACTUAL,100,87.4,ACTUAL,100,70.1,AGGREGATED,100
Edmonton South Campus UA,21-Oct-20,54,ACTUAL,100,85,ACTUAL,100,68.2,AGGREGATED,100
Edmonton South Campus UA,22-Oct-20,51.8,ACTUAL,100,74.2,ACTUAL,100,67.9,AGGREGATED,100
Edmonton South Campus UA,23-Oct-20,51.8,ACTUAL,100,78.1,ACTUAL,100,65.6,AGGREGATED,100
Edmonton South Campus UA,24-Oct-20,50,ACTUAL,100,85.3,ACTUAL,100,67.6,AGGREGATED,100
Edmonton South Campus UA,25-Oct-20,35.6,ACTUAL,100,76.4,ACTUAL,100,58.6,AGGREGATED,100
Edmonton South Campus UA,26-Oct-20,33.7,ACTUAL,100,93.4,ACTUAL,100,60.4,AGGREGATED,100
Edmonton South Campus UA,27-Oct-20,46.5,ACTUAL,100,91.2,ACTUAL,100,67.9,AGGREGATED,100
Edmonton South Campus UA,28-Oct-20,51.5,ACTUAL,100,92.4,ACTUAL,100,76.5,AGGREGATED,100
Edmonton South Campus UA,29-Oct-20,50.2,ACTUAL,100,95.9,ACTUAL,100,74.7,AGGREGATED,100
Edmonton South Campus UA,30-Oct-20,66.5,ACTUAL,100,92.5,ACTUAL,100,79.5,AGGREGATED,100
Edmonton South Campus UA,31-Oct-20,49.2,ACTUAL,100,76.3,ACTUAL,100,65.2,AGGREGATED,100
Edmonton South Campus UA,1-Nov-20,26.9,ACTUAL,100,74,ACTUAL,100,52.5,AGGREGATED,100
Edmonton South Campus UA,2-Nov-20,20.3,ACTUAL,100,60.9,ACTUAL,100,44.8,AGGREGATED,100
Edmonton South Campus UA,3-Nov-20,29.7,ACTUAL,100,62.6,ACTUAL,100,45.3,AGGREGATED,100
Edmonton South Campus UA,4-Nov-20,49.8,ACTUAL,100,72.9,ACTUAL,100,61.5,AGGREGATED,100
Edmonton South Campus UA,5-Nov-20,58.5,ACTUAL,100,94.4,ACTUAL,100,78.7,AGGREGATED,100
Edmonton South Campus UA,6-Nov-20,72.2,ACTUAL,100,93.3,ACTUAL,100,85.7,AGGREGATED,100
Edmonton South Campus UA,7-Nov-20,82,ACTUAL,100,97.2,ACTUAL,100,91.6,AGGREGATED,100
Edmonton South Campus UA,8-Nov-20,67.6,ACTUAL,100,91.1,ACTUAL,100,78.9,AGGREGATED,100
Edmonton South Campus UA,9-Nov-20,59.4,ACTUAL,100,88.1,ACTUAL,100,78.4,AGGREGATED,100
Edmonton South Campus UA,10-Nov-20,75.3,ACTUAL,100,97.7,ACTUAL,100,88.5,AGGREGATED,100
Edmonton South Campus UA,11-Nov-20,58.2,ACTUAL,100,81.1,ACTUAL,100,75.1,AGGREGATED,100
Edmonton South Campus UA,12-Nov-20,51.1,ACTUAL,100,82.1,ACTUAL,100,70.2,AGGREGATED,100
Edmonton South Campus UA,13-Nov-20,55.3,ACTUAL,100,81.4,ACTUAL,100,69,AGGREGATED,100
Edmonton South Campus UA,14-Nov-20,67.4,ACTUAL,100,92.7,ACTUAL,100,77,AGGREGATED,100
Edmonton South Campus UA,15-Nov-20,58.2,ACTUAL,100,92,ACTUAL,100,79.4,AGGREGATED,100
Edmonton South Campus UA,16-Nov-20,84.7,ACTUAL,100,93,ACTUAL,100,90.6,AGGREGATED,100
Edmonton South Campus UA,17-Nov-20,84.5,ACTUAL,100,91,ACTUAL,100,87.9,AGGREGATED,100
Edmonton South Campus UA,18-Nov-20,77,ACTUAL,100,94.1,ACTUAL,100,84.6,AGGREGATED,100
Edmonton South Campus UA,19-Nov-20,72.9,ACTUAL,100,86.4,ACTUAL,100,80.2,AGGREGATED,100
Edmonton South Campus UA,20-Nov-20,65.9,ACTUAL,100,88.4,ACTUAL,100,79,AGGREGATED,100
Edmonton South Campus UA,21-Nov-20,61.7,ACTUAL,100,91.9,ACTUAL,100,81.9,AGGREGATED,100
Edmonton South Campus UA,22-Nov-20,72.3,ACTUAL,100,92.4,ACTUAL,100,83.5,AGGREGATED,100
Edmonton South Campus UA,23-Nov-20,80.8,ACTUAL,100,96.3,ACTUAL,100,88.7,AGGREGATED,100
Edmonton South Campus UA,24-Nov-20,69.1,ACTUAL,100,96.1,ACTUAL,100,82.2,AGGREGATED,100
Edmonton South Campus UA,25-Nov-20,62.9,ACTUAL,100,99,ACTUAL,100,80.1,AGGREGATED,100
Edmonton South Campus UA,26-Nov-20,61,ACTUAL,100,87.6,ACTUAL,100,73.2,AGGREGATED,100
Edmonton South Campus UA,27-Nov-20,52.7,ACTUAL,100,93.4,ACTUAL,100,72.2,AGGREGATED,100
Edmonton South Campus UA,28-Nov-20,56.1,ACTUAL,100,96.1,ACTUAL,100,79.2,AGGREGATED,100
Edmonton South Campus UA,29-Nov-20,56.8,ACTUAL,100,88,ACTUAL,100,70.1,AGGREGATED,100
Edmonton South Campus UA,30-Nov-20,38.3,ACTUAL,100,66.3,ACTUAL,100,53.3,AGGREGATED,100
Edmonton South Campus UA,1-Dec-20,37.3,ACTUAL,100,62.7,ACTUAL,100,49.8,AGGREGATED,100
Edmonton South Campus UA,2-Dec-20,43.6,ACTUAL,100,69.9,ACTUAL,100,60.2,AGGREGATED,100
Edmonton South Campus UA,3-Dec-20,40.3,ACTUAL,100,79.1,ACTUAL,100,63.9,AGGREGATED,100
Edmonton South Campus UA,4-Dec-20,41.7,ACTUAL,100,78.8,ACTUAL,100,64.6,AGGREGATED,100
Edmonton South Campus UA,5-Dec-20,43.7,ACTUAL,100,77.2,ACTUAL,100,60.8,AGGREGATED,100
Edmonton South Campus UA,6-Dec-20,31.2,ACTUAL,100,69.4,ACTUAL,100,54.4,AGGREGATED,100
Edmonton South Campus UA,7-Dec-20,42.2,ACTUAL,100,70,ACTUAL,100,58.9,AGGREGATED,100
Edmonton South Campus UA,8-Dec-20,63.8,ACTUAL,100,97.2,ACTUAL,100,86.8,AGGREGATED,100
Edmonton South Campus UA,9-Dec-20,46.2,ACTUAL,100,95.2,ACTUAL,100,68.7,AGGREGATED,100
Edmonton South Campus UA,10-Dec-20,60.1,ACTUAL,100,94.3,ACTUAL,100,78,AGGREGATED,100
Edmonton South Campus UA,11-Dec-20,76.2,ACTUAL,100,93.6,ACTUAL,100,88,AGGREGATED,100
Edmonton South Campus UA,12-Dec-20,58.8,ACTUAL,100,82.4,ACTUAL,100,71,AGGREGATED,100
Edmonton South Campus UA,13-Dec-20,68.6,ACTUAL,100,80.1,ACTUAL,100,73.7,AGGREGATED,100
Edmonton South Campus UA,14-Dec-20,70.5,ACTUAL,100,86.4,ACTUAL,100,79.1,AGGREGATED,100
Edmonton South Campus UA,15-Dec-20,76.5,ACTUAL,100,85.7,ACTUAL,100,81,AGGREGATED,100
Edmonton South Campus UA,16-Dec-20,65.4,ACTUAL,100,92,ACTUAL,100,79.6,AGGREGATED,100
Edmonton South Campus UA,17-Dec-20,66.2,ACTUAL,100,90,ACTUAL,100,79.4,AGGREGATED,100
Edmonton South Campus UA,18-Dec-20,67.3,ACTUAL,100,74.3,ACTUAL,100,70.8,AGGREGATED,100
Edmonton South Campus UA,19-Dec-20,35.5,ACTUAL,100,91.2,ACTUAL,100,58.5,AGGREGATED,100
Edmonton South Campus UA,20-Dec-20,34.7,ACTUAL,100,69.9,ACTUAL,100,50.4,AGGREGATED,100
Edmonton South Campus UA,21-Dec-20,45.4,ACTUAL,100,80.2,ACTUAL,100,62.1,AGGREGATED,100
Edmonton South Campus UA,22-Dec-20,60.9,ACTUAL,100,93.2,ACTUAL,100,79.7,AGGREGATED,100
Edmonton South Campus UA,23-Dec-20,53.3,ACTUAL,100,81.6,ACTUAL,100,68.3,AGGREGATED,100
Edmonton South Campus UA,24-Dec-20,31.9,ACTUAL,100,62.1,ACTUAL,100,49.6,AGGREGATED,100
Edmonton South Campus UA,25-Dec-20,59.4,ACTUAL,100,92.6,ACTUAL,100,76.4,AGGREGATED,100
Edmonton South Campus UA,26-Dec-20,84.1,ACTUAL,100,94.4,ACTUAL,100,89.3,AGGREGATED,100
Edmonton South Campus UA,27-Dec-20,72.9,ACTUAL,100,92.8,ACTUAL,100,86.7,AGGREGATED,100
Edmonton South Campus UA,28-Dec-20,57.9,ACTUAL,100,92.7,ACTUAL,100,78.4,AGGREGATED,100
Edmonton South Campus UA,29-Dec-20,54.1,ACTUAL,100,79.9,ACTUAL,100,70.3,AGGREGATED,100
Edmonton South Campus UA,30-Dec-20,44.6,ACTUAL,100,82.9,ACTUAL,100,69.4,AGGREGATED,100
Edmonton South Campus UA,31-Dec-20,58,ACTUAL,100,87.8,ACTUAL,100,74.9,AGGREGATED,100
Edmonton South Campus UA,1-Jan-21,64.2,ACTUAL,100,93.3,ACTUAL,100,79.4,AGGREGATED,100
Edmonton South Campus UA,2-Jan-21,50.2,ACTUAL,100,86.1,ACTUAL,100,67.9,AGGREGATED,100
Edmonton South Campus UA,3-Jan-21,36.6,ACTUAL,100,82,ACTUAL,100,56.1,AGGREGATED,100
Edmonton South Campus UA,4-Jan-21,37.4,ACTUAL,100,75.2,ACTUAL,100,53.3,AGGREGATED,100
Edmonton South Campus UA,5-Jan-21,47.4,ACTUAL,100,80,ACTUAL,100,65.2,AGGREGATED,100
Edmonton South Campus UA,6-Jan-21,38.1,ACTUAL,100,74.5,ACTUAL,100,56.2,AGGREGATED,100
Edmonton South Campus UA,7-Jan-21,46.1,ACTUAL,100,87,ACTUAL,100,68.4,AGGREGATED,100
Edmonton South Campus UA,8-Jan-21,58,ACTUAL,100,88.5,ACTUAL,100,76.8,AGGREGATED,100
Edmonton South Campus UA,9-Jan-21,45.3,ACTUAL,100,83.8,ACTUAL,100,69.7,AGGREGATED,100
Edmonton South Campus UA,10-Jan-21,54,ACTUAL,100,80.9,ACTUAL,100,71.1,AGGREGATED,100
Edmonton South Campus UA,11-Jan-21,44.9,ACTUAL,100,78.8,ACTUAL,100,64.6,AGGREGATED,100
Edmonton South Campus UA,12-Jan-21,50.5,ACTUAL,100,84.3,ACTUAL,100,64.9,AGGREGATED,100
Edmonton South Campus UA,13-Jan-21,40.9,ACTUAL,100,97.1,ACTUAL,100,71.2,AGGREGATED,100
Edmonton South Campus UA,14-Jan-21,43.6,ACTUAL,100,65.7,ACTUAL,100,50.1,AGGREGATED,100
Edmonton South Campus UA,15-Jan-21,35.8,ACTUAL,100,61.9,ACTUAL,100,51.5,AGGREGATED,100
Edmonton South Campus UA,16-Jan-21,43,ACTUAL,100,70.9,ACTUAL,100,50.8,AGGREGATED,100
Edmonton South Campus UA,17-Jan-21,61.7,ACTUAL,100,93.4,ACTUAL,100,73.9,AGGREGATED,100
Edmonton South Campus UA,18-Jan-21,51.3,ACTUAL,100,96.5,ACTUAL,100,64.5,AGGREGATED,100
Edmonton South Campus UA,19-Jan-21,35.4,ACTUAL,100,70.8,ACTUAL,100,56.3,AGGREGATED,100
Edmonton South Campus UA,20-Jan-21,42.6,ACTUAL,100,69.5,ACTUAL,100,48.4,AGGREGATED,100
Edmonton South Campus UA,21-Jan-21,65.3,ACTUAL,100,86.4,ACTUAL,100,75.1,AGGREGATED,100
Edmonton South Campus UA,22-Jan-21,61.3,ACTUAL,100,90.6,ACTUAL,100,73.7,AGGREGATED,100
Edmonton South Campus UA,23-Jan-21,66.4,ACTUAL,100,84.4,ACTUAL,100,74.7,AGGREGATED,100
Edmonton South Campus UA,24-Jan-21,68.1,ACTUAL,100,74,ACTUAL,100,71.6,AGGREGATED,100
Edmonton South Campus UA,25-Jan-21,71.1,ACTUAL,100,80.2,ACTUAL,100,76,AGGREGATED,100
Edmonton South Campus UA,26-Jan-21,69.7,ACTUAL,100,76.7,ACTUAL,100,72.9,AGGREGATED,100
Edmonton South Campus UA,27-Jan-21,76.5,ACTUAL,100,84.5,ACTUAL,100,80.9,AGGREGATED,100
Edmonton South Campus UA,28-Jan-21,70.5,ACTUAL,100,82.8,ACTUAL,100,78.3,AGGREGATED,100
Edmonton South Campus UA,29-Jan-21,71.9,ACTUAL,100,81.1,ACTUAL,100,78,AGGREGATED,100
Edmonton South Campus UA,30-Jan-21,60.4,ACTUAL,100,85.5,ACTUAL,100,74.5,AGGREGATED,100
Edmonton South Campus UA,31-Jan-21,52,ACTUAL,100,85.5,ACTUAL,100,77.3,AGGREGATED,100
Edmonton South Campus UA,1-Feb-21,58.1,ACTUAL,100,85.7,ACTUAL,100,76,AGGREGATED,100
Edmonton South Campus UA,2-Feb-21,71.2,ACTUAL,100,86.9,ACTUAL,100,79.4,AGGREGATED,100
Edmonton South Campus UA,3-Feb-21,54.9,ACTUAL,100,78.6,ACTUAL,100,66.8,AGGREGATED,100
Edmonton South Campus UA,4-Feb-21,68.2,ACTUAL,100,82.4,ACTUAL,100,75.4,AGGREGATED,100
Edmonton South Campus UA,5-Feb-21,63.3,ACTUAL,100,78.2,ACTUAL,100,72,AGGREGATED,100
Edmonton South Campus UA,6-Feb-21,61.8,ACTUAL,100,77,ACTUAL,100,72.8,AGGREGATED,100
Edmonton South Campus UA,7-Feb-21,59.3,ACTUAL,100,74.8,ACTUAL,100,69.7,AGGREGATED,100
Edmonton South Campus UA,8-Feb-21,50.9,ACTUAL,100,72.7,ACTUAL,100,64.7,AGGREGATED,100
Edmonton South Campus UA,9-Feb-21,47.9,ACTUAL,100,63.4,ACTUAL,100,57,AGGREGATED,100
Edmonton South Campus UA,10-Feb-21,47.3,ACTUAL,100,71.2,ACTUAL,100,59.6,AGGREGATED,100
Edmonton South Campus UA,11-Feb-21,50.2,ACTUAL,100,71.4,ACTUAL,100,63,AGGREGATED,100
Edmonton South Campus UA,12-Feb-21,64,ACTUAL,100,70.5,ACTUAL,100,67.6,AGGREGATED,100
Edmonton South Campus UA,13-Feb-21,56.9,ACTUAL,100,77.1,ACTUAL,100,69,AGGREGATED,100
Edmonton South Campus UA,14-Feb-21,55.2,ACTUAL,100,72,ACTUAL,100,64.6,AGGREGATED,100
Edmonton South Campus UA,15-Feb-21,57,ACTUAL,100,70.8,ACTUAL,100,65,AGGREGATED,100
Edmonton South Campus UA,16-Feb-21,60.2,ACTUAL,100,79.8,ACTUAL,100,70.3,AGGREGATED,100
Edmonton South Campus UA,17-Feb-21,36.8,ACTUAL,100,83,ACTUAL,100,66.5,AGGREGATED,100
Edmonton South Campus UA,18-Feb-21,39,ACTUAL,100,84.5,ACTUAL,100,62,AGGREGATED,100
Edmonton South Campus UA,19-Feb-21,37.8,ACTUAL,100,83.3,ACTUAL,100,59.7,AGGREGATED,100
Edmonton South Campus UA,20-Feb-21,26.1,ACTUAL,100,62,ACTUAL,100,43.3,AGGREGATED,100
Edmonton South Campus UA,21-Feb-21,33.2,ACTUAL,100,50.9,ACTUAL,100,42.3,AGGREGATED,100
Edmonton South Campus UA,22-Feb-21,31.8,ACTUAL,100,64.6,ACTUAL,100,47.8,AGGREGATED,100
Edmonton South Campus UA,23-Feb-21,38.4,ACTUAL,100,83,ACTUAL,100,57.3,AGGREGATED,100
Edmonton South Campus UA,24-Feb-21,35,ACTUAL,100,78.4,ACTUAL,100,56.4,AGGREGATED,100
Edmonton South Campus UA,25-Feb-21,28,ACTUAL,100,87.5,ACTUAL,100,53.5,AGGREGATED,100
Edmonton South Campus UA,26-Feb-21,63.3,ACTUAL,100,91.7,ACTUAL,100,75,AGGREGATED,100
Edmonton South Campus UA,27-Feb-21,47.7,ACTUAL,100,81,ACTUAL,100,67,AGGREGATED,100
Edmonton South Campus UA,28-Feb-21,61.5,ACTUAL,100,91.5,ACTUAL,100,81.4,AGGREGATED,100
Edmonton South Campus UA,1-Mar-21,32.4,ACTUAL,100,89.5,ACTUAL,100,64.6,AGGREGATED,100
Edmonton South Campus UA,2-Mar-21,49.7,ACTUAL,100,94.3,ACTUAL,100,73,AGGREGATED,100
Edmonton South Campus UA,3-Mar-21,42,ACTUAL,100,89.5,ACTUAL,100,71.1,AGGREGATED,100
Edmonton South Campus UA,4-Mar-21,47.4,ACTUAL,100,96.4,ACTUAL,100,75.4,AGGREGATED,100
Edmonton South Campus UA,5-Mar-21,36.7,ACTUAL,100,93.9,ACTUAL,100,68,AGGREGATED,100
Edmonton South Campus UA,6-Mar-21,31.8,ACTUAL,100,78.5,ACTUAL,100,56.9,AGGREGATED,100
Edmonton South Campus UA,7-Mar-21,43.2,ACTUAL,100,85.1,ACTUAL,100,62,AGGREGATED,100
Edmonton South Campus UA,8-Mar-21,61.5,ACTUAL,100,92.4,ACTUAL,100,78.6,AGGREGATED,100
Edmonton South Campus UA,9-Mar-21,40,ACTUAL,100,95.8,ACTUAL,100,75.2,AGGREGATED,100
Edmonton South Campus UA,10-Mar-21,51.2,ACTUAL,100,88.7,ACTUAL,100,69,AGGREGATED,100
Edmonton South Campus UA,11-Mar-21,32.8,ACTUAL,100,86.8,ACTUAL,100,61.5,AGGREGATED,100
Edmonton South Campus UA,12-Mar-21,35.7,ACTUAL,100,64.6,ACTUAL,100,50.2,AGGREGATED,100
Edmonton South Campus UA,13-Mar-21,37.1,ACTUAL,100,81.7,ACTUAL,100,58.3,AGGREGATED,100
Edmonton South Campus UA,14-Mar-21,46.5,ACTUAL,100,75.1,ACTUAL,100,58.8,AGGREGATED,100
Edmonton South Campus UA,15-Mar-21,37.3,ACTUAL,100,72.6,ACTUAL,100,55.8,AGGREGATED,100
Edmonton South Campus UA,16-Mar-21,27.9,ACTUAL,100,78.5,ACTUAL,100,55.3,AGGREGATED,100
Edmonton South Campus UA,17-Mar-21,35.8,ACTUAL,100,85.6,ACTUAL,100,59.1,AGGREGATED,100
Edmonton South Campus UA,18-Mar-21,22.9,ACTUAL,100,80.9,ACTUAL,100,49.2,AGGREGATED,100
Edmonton South Campus UA,19-Mar-21,25.4,ACTUAL,100,70.8,ACTUAL,100,47.3,AGGREGATED,100
Edmonton South Campus UA,20-Mar-21,28.9,ACTUAL,100,78,ACTUAL,100,49.4,AGGREGATED,100
Edmonton South Campus UA,21-Mar-21,35.3,ACTUAL,100,56.8,ACTUAL,100,44.6,AGGREGATED,100
Edmonton South Campus UA,22-Mar-21,58,ACTUAL,100,86.7,ACTUAL,100,74.1,AGGREGATED,100
Edmonton South Campus UA,23-Mar-21,31.7,ACTUAL,100,81.6,ACTUAL,100,58.2,AGGREGATED,100
Edmonton South Campus UA,24-Mar-21,55.4,ACTUAL,100,92.3,ACTUAL,100,74.7,AGGREGATED,100
Edmonton South Campus UA,25-Mar-21,59,ACTUAL,100,85.5,ACTUAL,100,71.5,AGGREGATED,100
Edmonton South Campus UA,26-Mar-21,49.2,ACTUAL,100,81.7,ACTUAL,100,66.9,AGGREGATED,100
Edmonton South Campus UA,27-Mar-21,53.2,ACTUAL,100,95.2,ACTUAL,100,71.1,AGGREGATED,100
Edmonton South Campus UA,28-Mar-21,38.3,ACTUAL,100,95,ACTUAL,100,64.7,AGGREGATED,100
Edmonton South Campus UA,29-Mar-21,37.6,ACTUAL,100,85.3,ACTUAL,100,58,AGGREGATED,100
Edmonton South Campus UA,30-Mar-21,30.6,ACTUAL,100,68.4,ACTUAL,100,46.1,AGGREGATED,100
Edmonton South Campus UA,31-Mar-21,21.9,ACTUAL,100,57.4,ACTUAL,100,40.6,AGGREGATED,100
Edmonton South Campus UA,1-Apr-21,13.1,ACTUAL,100,68.3,ACTUAL,100,42.3,AGGREGATED,100
Edmonton South Campus UA,2-Apr-21,25,ACTUAL,100,63.9,ACTUAL,100,37.3,AGGREGATED,100
Edmonton South Campus UA,3-Apr-21,27.4,ACTUAL,100,92.1,ACTUAL,100,55.9,AGGREGATED,100
Edmonton South Campus UA,4-Apr-21,44.8,ACTUAL,100,84.3,ACTUAL,100,61.4,AGGREGATED,100
Edmonton South Campus UA,5-Apr-21,20.5,ACTUAL,100,83.8,ACTUAL,100,48.4,AGGREGATED,100
Edmonton South Campus UA,6-Apr-21,28,ACTUAL,100,57.6,ACTUAL,100,40.1,AGGREGATED,100
Edmonton South Campus UA,7-Apr-21,24.7,ACTUAL,100,59.1,ACTUAL,100,43.1,AGGREGATED,100
Edmonton South Campus UA,8-Apr-21,20.4,ACTUAL,100,87.1,ACTUAL,100,50,AGGREGATED,100
Edmonton South Campus UA,9-Apr-21,16.5,ACTUAL,100,66.1,ACTUAL,100,39.2,AGGREGATED,100
Edmonton South Campus UA,10-Apr-21,36.3,ACTUAL,100,98.5,ACTUAL,100,63.2,AGGREGATED,100
Edmonton South Campus UA,11-Apr-21,62,ACTUAL,100,96.7,ACTUAL,100,85.8,AGGREGATED,100
Edmonton South Campus UA,12-Apr-21,38,ACTUAL,100,92,ACTUAL,100,69.6,AGGREGATED,100
Edmonton South Campus UA,13-Apr-21,25,ACTUAL,100,81.5,ACTUAL,100,50.6,AGGREGATED,100
Edmonton South Campus UA,14-Apr-21,12.8,ACTUAL,100,54.7,ACTUAL,100,32.9,AGGREGATED,100
Edmonton South Campus UA,15-Apr-21,18,ACTUAL,100,65,ACTUAL,100,36.3,AGGREGATED,100
Edmonton South Campus UA,16-Apr-21,13.1,ACTUAL,100,71.7,ACTUAL,100,36.5,AGGREGATED,100
Edmonton South Campus UA,17-Apr-21,22.9,ACTUAL,100,91.4,ACTUAL,100,40.4,AGGREGATED,100
Edmonton South Campus UA,18-Apr-21,37.6,ACTUAL,100,92.8,ACTUAL,100,63.1,AGGREGATED,100
Edmonton South Campus UA,19-Apr-21,29.6,ACTUAL,100,81.2,ACTUAL,100,48.9,AGGREGATED,100
Edmonton South Campus UA,20-Apr-21,21.6,ACTUAL,100,74.7,ACTUAL,100,41.7,AGGREGATED,100
Edmonton South Campus UA,21-Apr-21,12.3,ACTUAL,100,78,ACTUAL,100,39.8,AGGREGATED,100
Edmonton South Campus UA,22-Apr-21,28.9,ACTUAL,100,81.3,ACTUAL,100,53.1,AGGREGATED,100
Edmonton South Campus UA,23-Apr-21,17.7,ACTUAL,100,61,ACTUAL,100,36.5,AGGREGATED,100
Edmonton South Campus UA,24-Apr-21,16.4,ACTUAL,100,70.4,ACTUAL,100,36.9,AGGREGATED,100
Edmonton South Campus UA,25-Apr-21,17.7,ACTUAL,100,52.8,ACTUAL,100,31.7,AGGREGATED,100
Edmonton South Campus UA,26-Apr-21,13.7,ACTUAL,100,71,ACTUAL,100,39,AGGREGATED,100
Edmonton South Campus UA,27-Apr-21,48.3,ACTUAL,100,80.7,ACTUAL,100,62.4,AGGREGATED,100
Edmonton South Campus UA,28-Apr-21,39.5,ACTUAL,100,69.5,ACTUAL,100,54.5,AGGREGATED,100
Edmonton South Campus UA,29-Apr-21,33.5,ACTUAL,100,86,ACTUAL,100,58.5,AGGREGATED,100
Edmonton South Campus UA,30-Apr-21,16.4,ACTUAL,100,68.2,ACTUAL,100,38.7,AGGREGATED,100
Edmonton South Campus UA,1-May-21,29.1,ACTUAL,100,72.4,ACTUAL,100,43.8,AGGREGATED,100
Edmonton South Campus UA,2-May-21,23.4,ACTUAL,100,86.8,ACTUAL,100,59.9,AGGREGATED,100
Edmonton South Campus UA,3-May-21,26.1,ACTUAL,100,74.1,ACTUAL,100,47.1,AGGREGATED,100
Edmonton South Campus UA,4-May-21,31.4,ACTUAL,100,65,ACTUAL,100,38.4,AGGREGATED,100
Edmonton South Campus UA,5-May-21,19.1,ACTUAL,100,86.2,ACTUAL,100,50.4,AGGREGATED,100
Edmonton South Campus UA,6-May-21,20.1,ACTUAL,100,53.5,ACTUAL,100,32.9,AGGREGATED,100
Edmonton South Campus UA,7-May-21,23.6,ACTUAL,100,90,ACTUAL,100,42.9,AGGREGATED,100
Edmonton South Campus UA,8-May-21,78.9,ACTUAL,100,89.6,ACTUAL,100,84.8,AGGREGATED,100
Edmonton South Campus UA,9-May-21,33.5,ACTUAL,100,94.9,ACTUAL,100,63,AGGREGATED,100
Edmonton South Campus UA,10-May-21,27,ACTUAL,100,85.1,ACTUAL,100,54.9,AGGREGATED,100
Edmonton South Campus UA,11-May-21,32.5,ACTUAL,100,78.5,ACTUAL,100,59.1,AGGREGATED,100
Edmonton South Campus UA,12-May-21,23.5,ACTUAL,100,90.4,ACTUAL,100,49.6,AGGREGATED,100
Edmonton South Campus UA,13-May-21,24.8,ACTUAL,100,64.2,ACTUAL,100,38.5,AGGREGATED,100
Edmonton South Campus UA,14-May-21,25.5,ACTUAL,100,82.6,ACTUAL,100,48,AGGREGATED,100
Edmonton South Campus UA,15-May-21,18.7,ACTUAL,100,75.8,ACTUAL,100,40.6,AGGREGATED,100
Edmonton South Campus UA,16-May-21,24.7,ACTUAL,100,50.2,ACTUAL,100,35.4,AGGREGATED,100
Edmonton South Campus UA,17-May-21,40.5,ACTUAL,100,86.9,ACTUAL,100,64.3,AGGREGATED,100
Edmonton South Campus UA,18-May-21,89.3,ACTUAL,100,98.3,ACTUAL,100,93.8,AGGREGATED,100
Edmonton South Campus UA,19-May-21,63.4,ACTUAL,100,99,ACTUAL,100,81.8,AGGREGATED,100
Edmonton South Campus UA,20-May-21,50,ACTUAL,100,86.1,ACTUAL,100,65.6,AGGREGATED,100
Edmonton South Campus UA,21-May-21,32.3,ACTUAL,100,91.6,ACTUAL,100,58.1,AGGREGATED,100
Edmonton South Campus UA,22-May-21,22.9,ACTUAL,100,80.5,ACTUAL,100,44.2,AGGREGATED,100
Edmonton South Campus UA,23-May-21,34.8,ACTUAL,100,76.6,ACTUAL,100,54.4,AGGREGATED,100
Edmonton South Campus UA,24-May-21,50.8,ACTUAL,100,86.8,ACTUAL,100,68.8,AGGREGATED,100
Edmonton South Campus UA,25-May-21,25.9,ACTUAL,100,79.2,ACTUAL,100,52.6,AGGREGATED,100
Edmonton South Campus UA,26-May-21,43.7,ACTUAL,100,76.7,ACTUAL,100,58.4,AGGREGATED,100
Edmonton South Campus UA,27-May-21,18.7,ACTUAL,100,76.3,ACTUAL,100,48,AGGREGATED,100
Edmonton South Campus UA,28-May-21,45.5,ACTUAL,100,85.2,ACTUAL,100,64.3,AGGREGATED,100
Edmonton South Campus UA,29-May-21,19.2,ACTUAL,100,67.3,ACTUAL,100,41.3,AGGREGATED,100
Edmonton South Campus UA,30-May-21,18.6,ACTUAL,100,65.7,ACTUAL,100,37.8,AGGREGATED,100
Edmonton South Campus UA,31-May-21,29.5,ACTUAL,100,51.6,ACTUAL,100,38.9,AGGREGATED,100
Edmonton South Campus UA,1-Jun-21,25.2,ACTUAL,100,66.4,ACTUAL,100,43.3,AGGREGATED,100
Edmonton South Campus UA,2-Jun-21,21.4,ACTUAL,100,72.1,ACTUAL,100,41.5,AGGREGATED,100
Edmonton South Campus UA,3-Jun-21,27.5,ACTUAL,100,47.6,ACTUAL,100,38.6,AGGREGATED,100
Edmonton South Campus UA,4-Jun-21,25.2,ACTUAL,100,76,ACTUAL,100,50.7,AGGREGATED,100
Edmonton South Campus UA,5-Jun-21,35.3,ACTUAL,100,83.6,ACTUAL,100,61.4,AGGREGATED,100
Edmonton South Campus UA,6-Jun-21,19.6,ACTUAL,100,83.7,ACTUAL,100,46.2,AGGREGATED,100
Edmonton South Campus UA,7-Jun-21,42.5,ACTUAL,100,73,ACTUAL,100,59.5,AGGREGATED,100
Edmonton South Campus UA,8-Jun-21,61.8,ACTUAL,100,92.5,ACTUAL,100,75,AGGREGATED,100
Edmonton South Campus UA,9-Jun-21,55.4,ACTUAL,100,95.1,ACTUAL,100,80.4,AGGREGATED,100
Edmonton South Campus UA,10-Jun-21,75.8,ACTUAL,100,99.1,ACTUAL,100,90.7,AGGREGATED,100
Edmonton South Campus UA,11-Jun-21,29.9,ACTUAL,100,89.9,ACTUAL,100,54.3,AGGREGATED,100
Edmonton South Campus UA,12-Jun-21,25.5,ACTUAL,100,79.6,ACTUAL,100,46.5,AGGREGATED,100
Edmonton South Campus UA,13-Jun-21,22.8,ACTUAL,100,73.7,ACTUAL,100,41.6,AGGREGATED,100
Edmonton South Campus UA,14-Jun-21,47.7,ACTUAL,100,89.7,ACTUAL,100,66.3,AGGREGATED,100
Edmonton South Campus UA,15-Jun-21,62.7,ACTUAL,100,93.8,ACTUAL,100,77.3,AGGREGATED,100
Edmonton South Campus UA,16-Jun-21,20.9,ACTUAL,100,84.1,ACTUAL,100,46.2,AGGREGATED,100
Edmonton South Campus UA,17-Jun-21,51,ACTUAL,100,74.5,ACTUAL,100,61.2,AGGREGATED,100
Edmonton South Campus UA,18-Jun-21,38.9,ACTUAL,100,85.3,ACTUAL,100,66,AGGREGATED,100
Edmonton South Campus UA,19-Jun-21,43.7,ACTUAL,100,90.1,ACTUAL,100,66.8,AGGREGATED,100
Edmonton South Campus UA,20-Jun-21,35.2,ACTUAL,100,85.6,ACTUAL,100,55.3,AGGREGATED,100
Edmonton South Campus UA,21-Jun-21,26,ACTUAL,100,77.2,ACTUAL,100,45.9,AGGREGATED,100
Edmonton South Campus UA,22-Jun-21,19.9,ACTUAL,100,67.9,ACTUAL,100,43.8,AGGREGATED,100
Edmonton South Campus UA,23-Jun-21,37,ACTUAL,100,68.7,ACTUAL,100,55.2,AGGREGATED,100
Edmonton South Campus UA,24-Jun-21,30.2,ACTUAL,100,73.5,ACTUAL,100,51.4,AGGREGATED,100
Edmonton South Campus UA,25-Jun-21,30.6,ACTUAL,100,70.5,ACTUAL,100,48.1,AGGREGATED,100
Edmonton South Campus UA,26-Jun-21,27.8,ACTUAL,100,77.3,ACTUAL,100,46.7,AGGREGATED,100
Edmonton South Campus UA,27-Jun-21,31.4,ACTUAL,100,69.8,ACTUAL,100,44.8,AGGREGATED,100
Edmonton South Campus UA,28-Jun-21,32.6,ACTUAL,100,62.2,ACTUAL,100,45.3,AGGREGATED,100
Edmonton South Campus UA,29-Jun-21,22.7,ACTUAL,100,67.3,ACTUAL,100,40,AGGREGATED,100
Edmonton South Campus UA,30-Jun-21,15.8,ACTUAL,100,46.5,ACTUAL,100,31,AGGREGATED,100
Edmonton South Campus UA,1-Jul-21,20.6,ACTUAL,100,43.4,ACTUAL,100,31.2,AGGREGATED,100
Edmonton South Campus UA,2-Jul-21,40.1,ACTUAL,100,82,ACTUAL,100,54.5,AGGREGATED,100
Edmonton South Campus UA,3-Jul-21,25.9,ACTUAL,100,83.6,ACTUAL,100,47.2,AGGREGATED,100
Edmonton South Campus UA,4-Jul-21,44.7,ACTUAL,100,79.2,ACTUAL,100,59.5,AGGREGATED,100
Edmonton South Campus UA,5-Jul-21,43.3,ACTUAL,100,67.8,ACTUAL,100,55.4,AGGREGATED,100
Edmonton South Campus UA,6-Jul-21,62.7,ACTUAL,100,95.1,ACTUAL,100,80.1,AGGREGATED,100
Edmonton South Campus UA,7-Jul-21,24.9,ACTUAL,100,98.9,ACTUAL,100,66.6,AGGREGATED,100
Edmonton South Campus UA,8-Jul-21,26.1,ACTUAL,100,85.5,ACTUAL,100,49.7,AGGREGATED,100
Edmonton South Campus UA,9-Jul-21,23.6,ACTUAL,100,81.6,ACTUAL,100,47.6,AGGREGATED,100
Edmonton South Campus UA,10-Jul-21,29.1,ACTUAL,100,74.5,ACTUAL,100,51.9,AGGREGATED,100
Edmonton South Campus UA,11-Jul-21,23.1,ACTUAL,100,68.8,ACTUAL,100,46.4,AGGREGATED,100
Edmonton South Campus UA,12-Jul-21,27.3,ACTUAL,100,65.9,ACTUAL,100,42.9,AGGREGATED,100
Edmonton South Campus UA,13-Jul-21,25.6,ACTUAL,100,75.5,ACTUAL,100,44.7,AGGREGATED,100
Edmonton South Campus UA,14-Jul-21,24.4,ACTUAL,100,74.6,ACTUAL,100,47.2,AGGREGATED,100
Edmonton South Campus UA,15-Jul-21,26,ACTUAL,100,78,ACTUAL,100,43.3,AGGREGATED,100
Edmonton South Campus UA,16-Jul-21,34.2,ACTUAL,100,67.9,ACTUAL,100,50.8,AGGREGATED,100
Edmonton South Campus UA,17-Jul-21,63,ACTUAL,100,89.7,ACTUAL,100,76.8,AGGREGATED,100
Edmonton South Campus UA,18-Jul-21,75.5,ACTUAL,100,94.2,ACTUAL,100,85.4,AGGREGATED,100
Edmonton South Campus UA,19-Jul-21,60.2,ACTUAL,100,92.6,ACTUAL,100,77.1,AGGREGATED,100
Edmonton South Campus UA,20-Jul-21,70.1,ACTUAL,100,90.1,ACTUAL,100,82.1,AGGREGATED,100
Edmonton South Campus UA,21-Jul-21,61.9,ACTUAL,100,96.3,ACTUAL,100,83.1,AGGREGATED,100
Edmonton South Campus UA,22-Jul-21,57,ACTUAL,100,94.7,ACTUAL,100,79.6,AGGREGATED,100
Edmonton South Campus UA,23-Jul-21,22.9,ACTUAL,100,59.4,ACTUAL,100,40.3,AGGREGATED,100
Edmonton South Campus UA,24-Jul-21,29.6,ACTUAL,100,68.4,ACTUAL,100,45.8,AGGREGATED,100
Edmonton South Campus UA,25-Jul-21,29.9,ACTUAL,100,85.2,ACTUAL,100,52.1,AGGREGATED,100
Edmonton South Campus UA,26-Jul-21,43.4,ACTUAL,100,91.4,ACTUAL,100,66.3,AGGREGATED,100
Edmonton South Campus UA,27-Jul-21,29.1,ACTUAL,100,87.3,ACTUAL,100,54.8,AGGREGATED,100
Edmonton South Campus UA,28-Jul-21,29.4,ACTUAL,100,80.1,ACTUAL,100,52.8,AGGREGATED,100
Edmonton South Campus UA,29-Jul-21,29.6,ACTUAL,100,69.4,ACTUAL,100,49.9,AGGREGATED,100
Edmonton South Campus UA,30-Jul-21,31.2,ACTUAL,100,78.5,ACTUAL,100,52.8,AGGREGATED,100
Edmonton South Campus UA,31-Jul-21,28.7,ACTUAL,100,74.4,ACTUAL,100,46,AGGREGATED,100
Edmonton South Campus UA,1-Aug-21,42.3,ACTUAL,100,80.5,ACTUAL,100,54.7,AGGREGATED,100
Edmonton South Campus UA,2-Aug-21,71.5,ACTUAL,100,92.8,ACTUAL,100,82.7,AGGREGATED,100
Edmonton South Campus UA,3-Aug-21,43.4,ACTUAL,100,95.5,ACTUAL,100,68.9,AGGREGATED,100
Edmonton South Campus UA,4-Aug-21,24.1,ACTUAL,100,85.2,ACTUAL,100,49.9,AGGREGATED,100
Edmonton South Campus UA,5-Aug-21,22.1,ACTUAL,100,79.6,ACTUAL,100,48.6,AGGREGATED,100
Edmonton South Campus UA,6-Aug-21,45.5,ACTUAL,100,79.8,ACTUAL,100,60.2,AGGREGATED,100
Edmonton South Campus UA,7-Aug-21,39.7,ACTUAL,100,87.8,ACTUAL,100,70.7,AGGREGATED,100
Edmonton South Campus UA,8-Aug-21,54.3,ACTUAL,100,84.5,ACTUAL,100,69.3,AGGREGATED,100
Edmonton South Campus UA,9-Aug-21,26.4,ACTUAL,100,92.2,ACTUAL,100,56.6,AGGREGATED,100
Edmonton South Campus UA,10-Aug-21,25.8,ACTUAL,100,50.8,ACTUAL,100,37.5,AGGREGATED,100
Edmonton South Campus UA,11-Aug-21,28.6,ACTUAL,100,61.5,ACTUAL,100,40.7,AGGREGATED,100
Edmonton South Campus UA,12-Aug-21,24.4,ACTUAL,100,78.6,ACTUAL,100,47.6,AGGREGATED,100
Edmonton South Campus UA,13-Aug-21,18.6,ACTUAL,100,71.2,ACTUAL,100,42.4,AGGREGATED,100
Edmonton South Campus UA,14-Aug-21,21.9,ACTUAL,100,57.7,ACTUAL,100,38.7,AGGREGATED,100
Edmonton South Campus UA,15-Aug-21,28.6,ACTUAL,100,66.9,ACTUAL,100,47.2,AGGREGATED,100
Edmonton South Campus UA,16-Aug-21,22.9,ACTUAL,100,86.6,ACTUAL,100,47.4,AGGREGATED,100
Edmonton South Campus UA,17-Aug-21,35.6,ACTUAL,100,78.7,ACTUAL,100,58.5,AGGREGATED,100
Edmonton South Campus UA,18-Aug-21,23.6,ACTUAL,100,82,ACTUAL,100,49.1,AGGREGATED,100
Edmonton South Campus UA,19-Aug-21,37,ACTUAL,100,75.1,ACTUAL,100,55.5,AGGREGATED,100
Edmonton South Campus UA,20-Aug-21,40.8,ACTUAL,100,74.6,ACTUAL,100,59.1,AGGREGATED,100
Edmonton South Campus UA,21-Aug-21,35,ACTUAL,100,90.9,ACTUAL,100,57.8,AGGREGATED,100
Edmonton South Campus UA,22-Aug-21,57.5,ACTUAL,100,92.2,ACTUAL,100,79,AGGREGATED,100
Edmonton South Campus UA,23-Aug-21,76.5,ACTUAL,100,93.6,ACTUAL,100,89.2,AGGREGATED,100
Edmonton South Campus UA,24-Aug-21,37.2,ACTUAL,100,95.6,ACTUAL,100,70.3,AGGREGATED,100
Edmonton South Campus UA,25-Aug-21,25.9,ACTUAL,100,83.4,ACTUAL,100,55.3,AGGREGATED,100
Edmonton South Campus UA,26-Aug-21,18.6,ACTUAL,100,75.6,ACTUAL,100,48,AGGREGATED,100
Edmonton South Campus UA,27-Aug-21,32.2,ACTUAL,100,69.8,ACTUAL,100,53.3,AGGREGATED,100
Edmonton South Campus UA,28-Aug-21,27.2,ACTUAL,100,83.4,ACTUAL,100,53,AGGREGATED,100
Edmonton South Campus UA,29-Aug-21,25.5,ACTUAL,100,78.2,ACTUAL,100,48.5,AGGREGATED,100
Edmonton South Campus UA,30-Aug-21,37.4,ACTUAL,100,77,ACTUAL,100,60.2,AGGREGATED,100
Edmonton South Campus UA,31-Aug-21,70.8,ACTUAL,100,92.9,ACTUAL,100,83.5,AGGREGATED,100
Edmonton South Campus UA,1-Sep-21,83.5,ACTUAL,100,93.2,ACTUAL,100,89.8,AGGREGATED,100
Edmonton South Campus UA,2-Sep-21,48.6,ACTUAL,100,89.7,ACTUAL,100,71.2,AGGREGATED,100
Edmonton South Campus UA,3-Sep-21,29.3,ACTUAL,100,93.8,ACTUAL,100,61.4,AGGREGATED,100
Edmonton South Campus UA,4-Sep-21,22,ACTUAL,100,77.7,ACTUAL,100,47.2,AGGREGATED,100
Edmonton South Campus UA,5-Sep-21,25.3,ACTUAL,100,71.1,ACTUAL,100,47,AGGREGATED,100
Edmonton South Campus UA,6-Sep-21,25.6,ACTUAL,100,61.5,ACTUAL,100,43.4,AGGREGATED,100
Edmonton South Campus UA,7-Sep-21,31.3,ACTUAL,100,66.6,ACTUAL,100,48.9,AGGREGATED,100
Edmonton South Campus UA,8-Sep-21,22.9,ACTUAL,100,71.1,ACTUAL,100,46.8,AGGREGATED,100
Edmonton South Campus UA,9-Sep-21,38.5,ACTUAL,100,90.9,ACTUAL,100,62.9,AGGREGATED,100
Edmonton South Campus UA,10-Sep-21,40.3,ACTUAL,100,96.3,ACTUAL,100,69.8,AGGREGATED,100
Edmonton South Campus UA,11-Sep-21,59.5,ACTUAL,100,87.2,ACTUAL,100,71.6,AGGREGATED,100
Edmonton South Campus UA,12-Sep-21,62.3,ACTUAL,100,93.4,ACTUAL,100,82.7,AGGREGATED,100
Edmonton South Campus UA,13-Sep-21,28.8,ACTUAL,100,89.1,ACTUAL,100,59.1,AGGREGATED,100
Edmonton South Campus UA,14-Sep-21,23.7,ACTUAL,100,84.6,ACTUAL,100,51.3,AGGREGATED,100
Edmonton South Campus UA,15-Sep-21,24.5,ACTUAL,100,76.7,ACTUAL,100,48.6,AGGREGATED,100
Edmonton South Campus UA,16-Sep-21,29.8,ACTUAL,100,69.6,ACTUAL,100,53.7,AGGREGATED,100
Edmonton South Campus UA,17-Sep-21,24.9,ACTUAL,100,75.4,ACTUAL,100,48.1,AGGREGATED,100
Edmonton South Campus UA,18-Sep-21,34.6,ACTUAL,100,87.8,ACTUAL,100,56.8,AGGREGATED,100
Edmonton South Campus UA,19-Sep-21,45.9,ACTUAL,100,93.1,ACTUAL,100,72,AGGREGATED,100
Edmonton South Campus UA,20-Sep-21,31.3,ACTUAL,100,89,ACTUAL,100,60,AGGREGATED,100
Edmonton South Campus UA,21-Sep-21,25.6,ACTUAL,100,72.9,ACTUAL,100,51.2,AGGREGATED,100
Edmonton South Campus UA,22-Sep-21,38.8,ACTUAL,100,92,ACTUAL,100,60.8,AGGREGATED,100
Edmonton South Campus UA,23-Sep-21,24.6,ACTUAL,100,70.8,ACTUAL,100,48.3,AGGREGATED,100
Edmonton South Campus UA,24-Sep-21,30.5,ACTUAL,100,76,ACTUAL,100,54.5,AGGREGATED,100
Edmonton South Campus UA,25-Sep-21,34.7,ACTUAL,100,88.8,ACTUAL,100,62.1,AGGREGATED,100
Edmonton South Campus UA,26-Sep-21,32.5,ACTUAL,100,76,ACTUAL,100,51.3,AGGREGATED,100
Edmonton South Campus UA,27-Sep-21,22.1,ACTUAL,100,88.6,ACTUAL,100,57.5,AGGREGATED,100
Edmonton South Campus UA,28-Sep-21,27.3,ACTUAL,100,79.8,ACTUAL,100,51.4,AGGREGATED,100
Edmonton South Campus UA,29-Sep-21,18,ACTUAL,100,84.1,ACTUAL,100,48.6,AGGREGATED,100
Edmonton South Campus UA,30-Sep-21,40.3,ACTUAL,100,56.4,ACTUAL,100,48.3,AGGREGATED,100
Edmonton South Campus UA,1-Oct-21,22.2,ACTUAL,100,67.5,ACTUAL,100,40,AGGREGATED,100
Edmonton South Campus UA,2-Oct-21,31.3,ACTUAL,100,69.2,ACTUAL,100,48.5,AGGREGATED,100
Edmonton South Campus UA,3-Oct-21,31.7,ACTUAL,100,84,ACTUAL,100,58.2,AGGREGATED,100
Edmonton South Campus UA,4-Oct-21,18.8,ACTUAL,100,65.3,ACTUAL,100,42.5,AGGREGATED,100
Edmonton South Campus UA,5-Oct-21,35.5,ACTUAL,100,63.9,ACTUAL,100,46,AGGREGATED,100
Edmonton South Campus UA,6-Oct-21,45.3,ACTUAL,100,78,ACTUAL,100,62.7,AGGREGATED,100
Edmonton South Campus UA,7-Oct-21,24,ACTUAL,100,95.7,ACTUAL,100,65.5,AGGREGATED,100
Edmonton South Campus UA,8-Oct-21,19.7,ACTUAL,100,75.2,ACTUAL,100,46.5,AGGREGATED,100
Edmonton South Campus UA,9-Oct-21,22.9,ACTUAL,100,57,ACTUAL,100,38.6,AGGREGATED,100
Edmonton South Campus UA,10-Oct-21,36.2,ACTUAL,100,86.9,ACTUAL,100,62,AGGREGATED,100
Edmonton South Campus UA,11-Oct-21,52,ACTUAL,100,89.3,ACTUAL,100,68.9,AGGREGATED,100
Edmonton South Campus UA,12-Oct-21,23.9,ACTUAL,100,90.1,ACTUAL,100,56.5,AGGREGATED,100
Edmonton South Campus UA,13-Oct-21,38.4,ACTUAL,100,88.4,ACTUAL,100,59.8,AGGREGATED,100
Edmonton South Campus UA,14-Oct-21,27.6,ACTUAL,100,93.6,ACTUAL,100,62.3,AGGREGATED,100
Edmonton South Campus UA,15-Oct-21,22.4,ACTUAL,100,65.2,ACTUAL,100,43.2,AGGREGATED,100
Edmonton South Campus UA,16-Oct-21,25.2,ACTUAL,100,66.4,ACTUAL,100,46.8,AGGREGATED,100
Edmonton South Campus UA,17-Oct-21,54.3,ACTUAL,100,80.5,ACTUAL,100,64.9,AGGREGATED,100
Edmonton South Campus UA,18-Oct-21,62.2,ACTUAL,100,86.8,ACTUAL,100,73.3,AGGREGATED,100
Edmonton South Campus UA,19-Oct-21,45.7,ACTUAL,100,69.5,ACTUAL,100,58.9,AGGREGATED,100
Edmonton South Campus UA,20-Oct-21,26.1,ACTUAL,100,67.8,ACTUAL,100,46.7,AGGREGATED,100
Edmonton South Campus UA,21-Oct-21,35.8,ACTUAL,100,70.7,ACTUAL,100,49.7,AGGREGATED,100
Edmonton South Campus UA,22-Oct-21,44,ACTUAL,100,79.4,ACTUAL,100,63.9,AGGREGATED,100
Edmonton South Campus UA,23-Oct-21,70.7,ACTUAL,100,96.4,ACTUAL,100,88.4,AGGREGATED,100
Edmonton South Campus UA,24-Oct-21,56.9,ACTUAL,100,98.2,ACTUAL,100,79.1,AGGREGATED,100
Edmonton South Campus UA,25-Oct-21,62.5,ACTUAL,100,90.8,ACTUAL,100,78.7,AGGREGATED,100
Edmonton South Campus UA,26-Oct-21,30.9,ACTUAL,100,93.7,ACTUAL,100,65.1,AGGREGATED,100
Edmonton South Campus UA,27-Oct-21,27,ACTUAL,100,79,ACTUAL,100,48.7,AGGREGATED,100
Edmonton South Campus UA,28-Oct-21,24.2,ACTUAL,100,64.6,ACTUAL,100,42.7,AGGREGATED,100
Edmonton South Campus UA,29-Oct-21,40.1,ACTUAL,100,79.3,ACTUAL,100,57.8,AGGREGATED,100
Edmonton South Campus UA,30-Oct-21,30.4,ACTUAL,100,62.6,ACTUAL,100,46.8,AGGREGATED,100
Edmonton South Campus UA,31-Oct-21,30.6,ACTUAL,100,73,ACTUAL,100,56.4,AGGREGATED,100
Edmonton South Campus UA,1-Nov-21,29.9,ACTUAL,100,64.1,ACTUAL,100,47.4,AGGREGATED,100
Edmonton South Campus UA,2-Nov-21,40,ACTUAL,100,85.1,ACTUAL,100,66.4,AGGREGATED,100
Edmonton South Campus UA,3-Nov-21,42.4,ACTUAL,100,83.6,ACTUAL,100,62.6,AGGREGATED,100
Edmonton South Campus UA,4-Nov-21,47.5,ACTUAL,100,90,ACTUAL,100,71.8,AGGREGATED,100
Edmonton South Campus UA,5-Nov-21,57.5,ACTUAL,100,91.8,ACTUAL,100,77.9,AGGREGATED,100
Edmonton South Campus UA,6-Nov-21,29.8,ACTUAL,100,95,ACTUAL,100,53.5,AGGREGATED,100
Edmonton South Campus UA,7-Nov-21,39.4,ACTUAL,100,74,ACTUAL,100,58.3,AGGREGATED,100
Edmonton South Campus UA,8-Nov-21,28.6,ACTUAL,100,64.6,ACTUAL,100,50.6,AGGREGATED,100
Edmonton South Campus UA,9-Nov-21,36.1,ACTUAL,100,59.1,ACTUAL,100,49.1,AGGREGATED,100
Edmonton South Campus UA,10-Nov-21,39.2,ACTUAL,100,87.9,ACTUAL,100,66,AGGREGATED,100
Edmonton South Campus UA,11-Nov-21,39.1,ACTUAL,100,79.4,ACTUAL,100,64.8,AGGREGATED,100
Edmonton South Campus UA,12-Nov-21,55.1,ACTUAL,100,74.4,ACTUAL,100,63.9,AGGREGATED,100
Edmonton South Campus UA,13-Nov-21,29.1,ACTUAL,100,79.9,ACTUAL,100,56,AGGREGATED,100
Edmonton South Campus UA,14-Nov-21,47.2,ACTUAL,100,95.2,ACTUAL,100,70.4,AGGREGATED,100
Edmonton South Campus UA,15-Nov-21,84.8,ACTUAL,100,99.2,ACTUAL,100,92.6,AGGREGATED,100
Edmonton South Campus UA,16-Nov-21,72.1,ACTUAL,100,99.2,ACTUAL,100,87.1,AGGREGATED,100
Edmonton South Campus UA,17-Nov-21,62.5,ACTUAL,100,90,ACTUAL,100,79.4,AGGREGATED,100
Edmonton South Campus UA,18-Nov-21,62,ACTUAL,100,87.9,ACTUAL,100,72.6,AGGREGATED,100
Edmonton South Campus UA,19-Nov-21,49.5,ACTUAL,100,92.3,ACTUAL,100,75.3,AGGREGATED,100
Edmonton South Campus UA,20-Nov-21,58.7,ACTUAL,100,88.5,ACTUAL,100,73.9,AGGREGATED,100
Edmonton South Campus UA,21-Nov-21,71.5,ACTUAL,100,90.1,ACTUAL,100,79.8,AGGREGATED,100
Edmonton South Campus UA,22-Nov-21,58.7,ACTUAL,100,85.8,ACTUAL,100,68.6,AGGREGATED,100
Edmonton South Campus UA,23-Nov-21,56.6,ACTUAL,100,81.6,ACTUAL,100,69.2,AGGREGATED,100
Edmonton South Campus UA,24-Nov-21,57.7,ACTUAL,100,84,ACTUAL,100,73.9,AGGREGATED,100
Edmonton South Campus UA,25-Nov-21,54.5,ACTUAL,100,89.4,ACTUAL,100,71.8,AGGREGATED,100
Edmonton South Campus UA,26-Nov-21,38.2,ACTUAL,100,76.7,ACTUAL,100,59.6,AGGREGATED,100
Edmonton South Campus UA,27-Nov-21,44.2,ACTUAL,100,82.8,ACTUAL,100,61.2,AGGREGATED,100
Edmonton South Campus UA,28-Nov-21,56.3,ACTUAL,100,90,ACTUAL,100,78.9,AGGREGATED,100
Edmonton South Campus UA,29-Nov-21,56.5,ACTUAL,100,93.9,ACTUAL,100,78.5,AGGREGATED,100
Edmonton South Campus UA,30-Nov-21,59.5,ACTUAL,100,85.7,ACTUAL,100,70.1,AGGREGATED,100
Edmonton South Campus UA,1-Dec-21,37.6,ACTUAL,100,83.8,ACTUAL,100,51.6,AGGREGATED,100
Edmonton South Campus UA,2-Dec-21,24.6,ACTUAL,100,95.9,ACTUAL,100,56.5,AGGREGATED,100
Edmonton South Campus UA,3-Dec-21,35.5,ACTUAL,100,60.5,ACTUAL,100,46.8,AGGREGATED,100
Edmonton South Campus UA,4-Dec-21,56,ACTUAL,100,83.3,ACTUAL,100,68.6,AGGREGATED,100
Edmonton South Campus UA,5-Dec-21,52.8,ACTUAL,100,78.6,ACTUAL,100,66.2,AGGREGATED,100
Edmonton South Campus UA,6-Dec-21,41.7,ACTUAL,100,77.1,ACTUAL,100,65.4,AGGREGATED,100
Edmonton South Campus UA,7-Dec-21,58.4,ACTUAL,100,80.1,ACTUAL,100,70.1,AGGREGATED,100
Edmonton South Campus UA,8-Dec-21,45.7,ACTUAL,100,97.3,ACTUAL,100,70.5,AGGREGATED,100
Edmonton South Campus UA,9-Dec-21,42.9,ACTUAL,100,58.9,ACTUAL,100,51.1,AGGREGATED,100
Edmonton South Campus UA,10-Dec-21,41,ACTUAL,100,57,ACTUAL,100,49.2,AGGREGATED,100
Edmonton South Campus UA,11-Dec-21,42.7,ACTUAL,100,68.7,ACTUAL,100,52.3,AGGREGATED,100
Edmonton South Campus UA,12-Dec-21,65.2,ACTUAL,100,94.5,ACTUAL,100,83,AGGREGATED,100
Edmonton South Campus UA,13-Dec-21,85.1,ACTUAL,100,89.2,ACTUAL,100,86.7,AGGREGATED,100
Edmonton South Campus UA,14-Dec-21,75,ACTUAL,100,85.8,ACTUAL,100,79.4,AGGREGATED,100
Edmonton South Campus UA,15-Dec-21,65.5,ACTUAL,100,77.7,ACTUAL,100,74.2,AGGREGATED,100
Edmonton South Campus UA,16-Dec-21,72.5,ACTUAL,100,77.4,ACTUAL,100,75.4,AGGREGATED,100
Edmonton South Campus UA,17-Dec-21,60.8,ACTUAL,100,76.2,ACTUAL,100,70,AGGREGATED,100
Edmonton South Campus UA,18-Dec-21,63.9,ACTUAL,100,80.2,ACTUAL,100,70.7,AGGREGATED,100
Edmonton South Campus UA,19-Dec-21,66.8,ACTUAL,100,81.8,ACTUAL,100,73,AGGREGATED,100
Edmonton South Campus UA,20-Dec-21,67.9,ACTUAL,100,84.3,ACTUAL,100,77.2,AGGREGATED,100
Edmonton South Campus UA,21-Dec-21,63.3,ACTUAL,100,95.4,ACTUAL,100,79.3,AGGREGATED,100
Edmonton South Campus UA,22-Dec-21,90.3,ACTUAL,100,95.4,ACTUAL,100,93.5,AGGREGATED,100
Edmonton South Campus UA,23-Dec-21,76,ACTUAL,100,91.9,ACTUAL,100,85.9,AGGREGATED,100
Edmonton South Campus UA,24-Dec-21,63.3,ACTUAL,100,75.6,ACTUAL,100,68.2,AGGREGATED,100
Edmonton South Campus UA,25-Dec-21,63.1,ACTUAL,100,69.5,ACTUAL,100,65.8,AGGREGATED,100
Edmonton South Campus UA,26-Dec-21,63.8,ACTUAL,100,71.5,ACTUAL,100,68.4,AGGREGATED,100
Edmonton South Campus UA,27-Dec-21,59.9,ACTUAL,100,72,ACTUAL,100,68.5,AGGREGATED,100
Edmonton South Campus UA,28-Dec-21,66.4,ACTUAL,100,73.6,ACTUAL,100,70.6,AGGREGATED,100
Edmonton South Campus UA,29-Dec-21,59.3,ACTUAL,100,73.6,ACTUAL,100,67.7,AGGREGATED,100
Edmonton South Campus UA,30-Dec-21,65.9,ACTUAL,100,76.5,ACTUAL,100,73,AGGREGATED,100
Edmonton South Campus UA,31-Dec-21,70.7,ACTUAL,100,76,ACTUAL,100,72.7,AGGREGATED,100
Edmonton South Campus UA,1-Jan-22,62.2,ACTUAL,100,80.6,ACTUAL,100,71.8,AGGREGATED,100
Edmonton South Campus UA,2-Jan-22,67,ACTUAL,100,85.5,ACTUAL,100,76.1,AGGREGATED,100
Edmonton South Campus UA,3-Jan-22,69.7,ACTUAL,100,74.7,ACTUAL,100,72.5,AGGREGATED,100
Edmonton South Campus UA,4-Jan-22,66,ACTUAL,100,72.7,ACTUAL,100,70.4,AGGREGATED,100
Edmonton South Campus UA,5-Jan-22,66.4,ACTUAL,100,73.5,ACTUAL,100,70,AGGREGATED,100
Edmonton South Campus UA,6-Jan-22,65.2,ACTUAL,100,72.7,ACTUAL,100,69.8,AGGREGATED,100
Edmonton South Campus UA,7-Jan-22,66.1,ACTUAL,100,73,ACTUAL,100,70.5,AGGREGATED,100
Edmonton South Campus UA,8-Jan-22,54.7,ACTUAL,100,75.2,ACTUAL,100,70.1,AGGREGATED,100
Edmonton South Campus UA,9-Jan-22,68.7,ACTUAL,100,82,ACTUAL,100,72.4,AGGREGATED,100
Edmonton South Campus UA,10-Jan-22,64.7,ACTUAL,100,82.5,ACTUAL,100,73.3,AGGREGATED,100
Edmonton South Campus UA,11-Jan-22,49.8,ACTUAL,100,88,ACTUAL,100,68.4,AGGREGATED,100
Edmonton South Campus UA,12-Jan-22,67.1,ACTUAL,100,90.9,ACTUAL,100,80.9,AGGREGATED,100
Edmonton South Campus UA,13-Jan-22,81.9,ACTUAL,100,99,ACTUAL,100,91.6,AGGREGATED,100
Edmonton South Campus UA,14-Jan-22,74.6,ACTUAL,100,96.1,ACTUAL,100,86.8,AGGREGATED,100
Edmonton South Campus UA,15-Jan-22,44.8,ACTUAL,100,91.8,ACTUAL,100,67.9,AGGREGATED,100
Edmonton South Campus UA,16-Jan-22,54.6,ACTUAL,100,76.6,ACTUAL,100,64.7,AGGREGATED,100
Edmonton South Campus UA,17-Jan-22,75.2,ACTUAL,100,97.8,ACTUAL,100,88.2,AGGREGATED,100
Edmonton South Campus UA,18-Jan-22,62,ACTUAL,100,78.3,ACTUAL,100,68.5,AGGREGATED,100
Edmonton South Campus UA,19-Jan-22,67.7,ACTUAL,100,75.8,ACTUAL,100,73.7,AGGREGATED,100
Edmonton South Campus UA,20-Jan-22,57.1,ACTUAL,100,76.2,ACTUAL,100,71.4,AGGREGATED,100
Edmonton South Campus UA,21-Jan-22,63.2,ACTUAL,100,94.4,ACTUAL,100,75.4,AGGREGATED,100
Edmonton South Campus UA,22-Jan-22,48,ACTUAL,100,94.1,ACTUAL,100,63.5,AGGREGATED,100
Edmonton South Campus UA,23-Jan-22,42.8,ACTUAL,100,86.2,ACTUAL,100,60.2,AGGREGATED,100
Edmonton South Campus UA,24-Jan-22,77,ACTUAL,100,94.2,ACTUAL,100,86.6,AGGREGATED,100
Edmonton South Campus UA,25-Jan-22,43.3,ACTUAL,100,91.4,ACTUAL,100,69,AGGREGATED,100
Edmonton South Campus UA,26-Jan-22,50.1,ACTUAL,100,91.2,ACTUAL,100,65.6,AGGREGATED,100
Edmonton South Campus UA,27-Jan-22,39.8,ACTUAL,100,83,ACTUAL,100,64.7,AGGREGATED,100
Edmonton South Campus UA,28-Jan-22,25.2,ACTUAL,100,64.3,ACTUAL,100,49.4,AGGREGATED,100
Edmonton South Campus UA,29-Jan-22,39.3,ACTUAL,100,68.9,ACTUAL,100,53.2,AGGREGATED,100
Edmonton South Campus UA,30-Jan-22,49,ACTUAL,100,69.8,ACTUAL,100,56.7,AGGREGATED,100
Edmonton South Campus UA,31-Jan-22,57.7,ACTUAL,100,86.9,ACTUAL,100,69.1,AGGREGATED,100
Edmonton South Campus UA,1-Feb-22,55.7,ACTUAL,100,78.2,ACTUAL,100,67.6,AGGREGATED,100
Edmonton South Campus UA,2-Feb-22,58.1,ACTUAL,100,77.6,ACTUAL,100,68.6,AGGREGATED,100
Edmonton South Campus UA,3-Feb-22,56.6,ACTUAL,100,77.3,ACTUAL,100,68.1,AGGREGATED,100
Edmonton South Campus UA,4-Feb-22,70.2,ACTUAL,100,84.1,ACTUAL,100,74.4,AGGREGATED,100
Edmonton South Campus UA,5-Feb-22,62.1,ACTUAL,100,93,ACTUAL,100,77.5,AGGREGATED,100
Edmonton South Campus UA,6-Feb-22,33.5,ACTUAL,100,60.9,ACTUAL,100,46.9,AGGREGATED,100
Edmonton South Campus UA,7-Feb-22,37.2,ACTUAL,100,58,ACTUAL,100,44.1,AGGREGATED,100
Edmonton South Campus UA,8-Feb-22,36.9,ACTUAL,100,70.9,ACTUAL,100,51.3,AGGREGATED,100
Edmonton South Campus UA,9-Feb-22,52.6,ACTUAL,100,80.2,ACTUAL,100,65.1,AGGREGATED,100
Edmonton South Campus UA,10-Feb-22,37.6,ACTUAL,100,77,ACTUAL,100,53.2,AGGREGATED,100
Edmonton South Campus UA,11-Feb-22,35.8,ACTUAL,100,76.6,ACTUAL,100,51.6,AGGREGATED,100
Edmonton South Campus UA,12-Feb-22,43.9,ACTUAL,100,67.9,ACTUAL,100,56.1,AGGREGATED,100
Edmonton South Campus UA,13-Feb-22,48.4,ACTUAL,100,76.8,ACTUAL,100,62,AGGREGATED,100
Edmonton South Campus UA,14-Feb-22,72.6,ACTUAL,100,88.7,ACTUAL,100,81.4,AGGREGATED,100
Edmonton South Campus UA,15-Feb-22,53,ACTUAL,100,89.1,ACTUAL,100,70.9,AGGREGATED,100
Edmonton South Campus UA,16-Feb-22,65.8,ACTUAL,100,77.9,ACTUAL,100,72.2,AGGREGATED,100
Edmonton South Campus UA,17-Feb-22,60.3,ACTUAL,100,87,ACTUAL,100,75.1,AGGREGATED,100
Edmonton South Campus UA,18-Feb-22,66.5,ACTUAL,100,81.2,ACTUAL,100,73.4,AGGREGATED,100
Edmonton South Campus UA,19-Feb-22,51.4,ACTUAL,100,84.5,ACTUAL,100,68.9,AGGREGATED,100
Edmonton South Campus UA,20-Feb-22,71.1,ACTUAL,100,77.1,ACTUAL,100,74.4,AGGREGATED,100
Edmonton South Campus UA,21-Feb-22,55.6,ACTUAL,100,78.9,ACTUAL,100,71.1,AGGREGATED,100
Edmonton South Campus UA,22-Feb-22,50.2,ACTUAL,100,76.3,ACTUAL,100,66.4,AGGREGATED,100
Edmonton South Campus UA,23-Feb-22,45.7,ACTUAL,100,84.1,ACTUAL,100,64,AGGREGATED,100
Edmonton South Campus UA,24-Feb-22,65.8,ACTUAL,100,89.6,ACTUAL,100,81,AGGREGATED,100
Edmonton South Campus UA,25-Feb-22,39.2,ACTUAL,100,87.1,ACTUAL,100,65.2,AGGREGATED,100
Edmonton South Campus UA,26-Feb-22,32.2,ACTUAL,100,83,ACTUAL,100,59.2,AGGREGATED,100
Edmonton South Campus UA,27-Feb-22,66.2,ACTUAL,100,86.9,ACTUAL,100,74.7,AGGREGATED,100
Edmonton South Campus UA,28-Feb-22,66,ACTUAL,100,91.5,ACTUAL,100,82.9,AGGREGATED,100
Edmonton South Campus UA,1-Mar-22,77,ACTUAL,100,92.2,ACTUAL,100,85.3,AGGREGATED,100
Edmonton South Campus UA,2-Mar-22,71.9,ACTUAL,100,89.1,ACTUAL,100,80.2,AGGREGATED,100
Edmonton South Campus UA,3-Mar-22,72.9,ACTUAL,100,89.7,ACTUAL,100,82.8,AGGREGATED,100
Edmonton South Campus UA,4-Mar-22,86.4,ACTUAL,100,90.6,ACTUAL,100,88.7,AGGREGATED,100
Edmonton South Campus UA,5-Mar-22,78.5,ACTUAL,100,91.1,ACTUAL,100,85.4,AGGREGATED,100
Edmonton South Campus UA,6-Mar-22,56.5,ACTUAL,100,90.9,ACTUAL,100,73.1,AGGREGATED,100
Edmonton South Campus UA,7-Mar-22,50.9,ACTUAL,100,79.5,ACTUAL,100,59.3,AGGREGATED,100
Edmonton South Campus UA,8-Mar-22,44.8,ACTUAL,100,81.4,ACTUAL,100,63.4,AGGREGATED,100
Edmonton South Campus UA,9-Mar-22,40.6,ACTUAL,100,81.3,ACTUAL,100,60.7,AGGREGATED,100
Edmonton South Campus UA,10-Mar-22,42.2,ACTUAL,100,73.1,ACTUAL,100,53.3,AGGREGATED,100
Edmonton South Campus UA,11-Mar-22,51.5,ACTUAL,100,78.1,ACTUAL,100,62.4,AGGREGATED,100
Edmonton South Campus UA,12-Mar-22,39.4,ACTUAL,100,74.3,ACTUAL,100,53,AGGREGATED,100
Edmonton South Campus UA,13-Mar-22,68.8,ACTUAL,100,91.8,ACTUAL,100,79.2,AGGREGATED,100
Edmonton South Campus UA,14-Mar-22,66.4,ACTUAL,100,92.3,ACTUAL,100,80.9,AGGREGATED,100
Edmonton South Campus UA,15-Mar-22,36.6,ACTUAL,100,89.2,ACTUAL,100,68.4,AGGREGATED,100
Edmonton South Campus UA,16-Mar-22,37.1,ACTUAL,100,74.8,ACTUAL,100,51.1,AGGREGATED,100
Edmonton South Campus UA,17-Mar-22,35.4,ACTUAL,100,82.4,ACTUAL,100,57.3,AGGREGATED,100
Edmonton South Campus UA,18-Mar-22,28.6,ACTUAL,100,84.2,ACTUAL,100,56.7,AGGREGATED,100
Edmonton South Campus UA,19-Mar-22,42.4,ACTUAL,100,90.4,ACTUAL,100,66.6,AGGREGATED,100
Edmonton South Campus UA,20-Mar-22,37.8,ACTUAL,100,99.2,ACTUAL,100,75.3,AGGREGATED,100
Edmonton South Campus UA,21-Mar-22,35.7,ACTUAL,100,78.2,ACTUAL,100,55.2,AGGREGATED,100
Edmonton South Campus UA,22-Mar-22,32.9,ACTUAL,100,89.3,ACTUAL,100,62.2,AGGREGATED,100
Edmonton South Campus UA,23-Mar-22,32.9,ACTUAL,100,89.1,ACTUAL,100,57.5,AGGREGATED,100
Edmonton South Campus UA,24-Mar-22,38.7,ACTUAL,100,86.2,ACTUAL,100,60.7,AGGREGATED,100
Edmonton South Campus UA,25-Mar-22,59.4,ACTUAL,100,90.3,ACTUAL,100,74.5,AGGREGATED,100
Edmonton South Campus UA,26-Mar-22,63.4,ACTUAL,100,91.9,ACTUAL,100,78.2,AGGREGATED,100
Edmonton South Campus UA,27-Mar-22,51.8,ACTUAL,100,90.3,ACTUAL,100,70.2,AGGREGATED,100
Edmonton South Campus UA,28-Mar-22,88.1,ACTUAL,100,97.5,ACTUAL,100,92.4,AGGREGATED,100
Edmonton South Campus UA,29-Mar-22,47.9,ACTUAL,100,97.2,ACTUAL,100,75.5,AGGREGATED,100
Edmonton South Campus UA,30-Mar-22,37.5,ACTUAL,100,73.3,ACTUAL,100,58.8,AGGREGATED,100
Edmonton South Campus UA,31-Mar-22,39,ACTUAL,100,86.3,ACTUAL,100,52.8,AGGREGATED,100
Edmonton South Campus UA,1-Apr-22,43.6,ACTUAL,100,77.1,ACTUAL,100,65.5,AGGREGATED,100
Edmonton South Campus UA,2-Apr-22,33.1,ACTUAL,100,80.5,ACTUAL,100,60.9,AGGREGATED,100
Edmonton South Campus UA,3-Apr-22,24.4,ACTUAL,100,87,ACTUAL,100,54.9,AGGREGATED,100
Edmonton South Campus UA,4-Apr-22,33.6,ACTUAL,100,72.3,ACTUAL,100,54.4,AGGREGATED,100
Edmonton South Campus UA,5-Apr-22,33.6,ACTUAL,100,78.8,ACTUAL,100,51.2,AGGREGATED,100
Edmonton South Campus UA,6-Apr-22,25.8,ACTUAL,100,52.3,ACTUAL,100,39.8,AGGREGATED,100
Edmonton South Campus UA,7-Apr-22,17.9,ACTUAL,100,64.3,ACTUAL,100,37.1,AGGREGATED,100
Edmonton South Campus UA,8-Apr-22,9.6,ACTUAL,100,48.6,ACTUAL,100,37.9,AGGREGATED,100
Edmonton South Campus UA,9-Apr-22,27.4,ACTUAL,100,55.4,ACTUAL,100,42.4,AGGREGATED,100
Edmonton South Campus UA,10-Apr-22,27.5,ACTUAL,100,47.9,ACTUAL,100,39,AGGREGATED,100
Edmonton South Campus UA,11-Apr-22,40.7,ACTUAL,100,69.8,ACTUAL,100,51.5,AGGREGATED,100
Edmonton South Campus UA,12-Apr-22,40.4,ACTUAL,100,69.9,ACTUAL,100,56.6,AGGREGATED,100
Edmonton South Campus UA,13-Apr-22,38.6,ACTUAL,100,66.4,ACTUAL,100,50.1,AGGREGATED,100
Edmonton South Campus UA,14-Apr-22,44.2,ACTUAL,100,70.1,ACTUAL,100,55.8,AGGREGATED,100
Edmonton South Campus UA,15-Apr-22,49.9,ACTUAL,100,92.2,ACTUAL,100,67.7,AGGREGATED,100
Edmonton South Campus UA,16-Apr-22,54.2,ACTUAL,100,86.1,ACTUAL,100,72.8,AGGREGATED,100
Edmonton South Campus UA,17-Apr-22,40.6,ACTUAL,100,95.4,ACTUAL,100,68.5,AGGREGATED,100
Edmonton South Campus UA,18-Apr-22,17,ACTUAL,100,78.4,ACTUAL,100,45.8,AGGREGATED,100
Edmonton South Campus UA,19-Apr-22,37.2,ACTUAL,100,99.2,ACTUAL,100,83.5,AGGREGATED,100
Edmonton South Campus UA,20-Apr-22,37.9,ACTUAL,100,99.2,ACTUAL,100,72.7,AGGREGATED,100
Edmonton South Campus UA,21-Apr-22,44.8,ACTUAL,100,66.4,ACTUAL,100,55.2,AGGREGATED,100
Edmonton South Campus UA,22-Apr-22,40.7,ACTUAL,100,80.2,ACTUAL,100,61.5,AGGREGATED,100
Edmonton South Campus UA,23-Apr-22,25.1,ACTUAL,100,94.2,ACTUAL,100,60.9,AGGREGATED,100
Edmonton South Campus UA,24-Apr-22,24.9,ACTUAL,100,87.4,ACTUAL,100,51,AGGREGATED,100
Edmonton South Campus UA,25-Apr-22,22.7,ACTUAL,100,59.6,ACTUAL,100,41.6,AGGREGATED,100
Edmonton South Campus UA,26-Apr-22,36.9,ACTUAL,100,84.1,ACTUAL,100,53.3,AGGREGATED,100
Edmonton South Campus UA,27-Apr-22,59.5,ACTUAL,100,99.2,ACTUAL,100,82.7,AGGREGATED,100
Edmonton South Campus UA,28-Apr-22,28.3,ACTUAL,100,86.1,ACTUAL,100,57.5,AGGREGATED,100
Edmonton South Campus UA,29-Apr-22,31.8,ACTUAL,100,75,ACTUAL,100,52.3,AGGREGATED,100
Edmonton South Campus UA,30-Apr-22,31.8,ACTUAL,100,85.8,ACTUAL,100,53.9,AGGREGATED,100
Edmonton South Campus UA,1-May-22,32.8,ACTUAL,100,86.3,ACTUAL,100,57,AGGREGATED,100
Edmonton South Campus UA,2-May-22,44.1,ACTUAL,100,91.3,ACTUAL,100,69.1,AGGREGATED,100
Edmonton South Campus UA,3-May-22,35.4,ACTUAL,100,88.8,ACTUAL,100,68.2,AGGREGATED,100
Edmonton South Campus UA,4-May-22,31.6,ACTUAL,100,71.2,ACTUAL,100,50.3,AGGREGATED,100
Edmonton South Campus UA,5-May-22,19.8,ACTUAL,100,88.8,ACTUAL,100,49.9,AGGREGATED,100
Edmonton South Campus UA,6-May-22,37.5,ACTUAL,100,90.4,ACTUAL,100,58.5,AGGREGATED,100
Edmonton South Campus UA,7-May-22,29.2,ACTUAL,100,67.2,ACTUAL,100,47.1,AGGREGATED,100
Edmonton South Campus UA,8-May-22,37,ACTUAL,100,81.3,ACTUAL,100,54.3,AGGREGATED,100
Edmonton South Campus UA,9-May-22,28.9,ACTUAL,100,66.4,ACTUAL,100,50.6,AGGREGATED,100
Edmonton South Campus UA,10-May-22,38.6,ACTUAL,100,86.8,ACTUAL,100,61.1,AGGREGATED,100
Edmonton South Campus UA,11-May-22,23.7,ACTUAL,100,76.8,ACTUAL,100,44.8,AGGREGATED,100
Edmonton South Campus UA,12-May-22,10,ACTUAL,100,77.4,ACTUAL,100,35.9,AGGREGATED,100
Edmonton South Campus UA,13-May-22,25.1,ACTUAL,100,63.6,ACTUAL,100,47.7,AGGREGATED,100
Edmonton South Campus UA,14-May-22,18.2,ACTUAL,100,86.9,ACTUAL,100,50.9,AGGREGATED,100
Edmonton South Campus UA,15-May-22,14.2,ACTUAL,100,68.1,ACTUAL,100,32.6,AGGREGATED,100
Edmonton South Campus UA,16-May-22,27.5,ACTUAL,100,58.8,ACTUAL,100,36.3,AGGREGATED,100
Edmonton South Campus UA,17-May-22,26.1,ACTUAL,100,88.2,ACTUAL,100,49.7,AGGREGATED,100
Edmonton South Campus UA,18-May-22,25.6,ACTUAL,100,84.5,ACTUAL,100,59.7,AGGREGATED,100
Edmonton South Campus UA,19-May-22,73.1,ACTUAL,100,94,ACTUAL,100,85.5,AGGREGATED,100
Edmonton South Campus UA,20-May-22,23.3,ACTUAL,100,72.9,ACTUAL,100,44.8,AGGREGATED,100
Edmonton South Campus UA,21-May-22,15.2,ACTUAL,100,73.2,ACTUAL,100,35.5,AGGREGATED,100
Edmonton South Campus UA,22-May-22,13.7,ACTUAL,100,62.2,ACTUAL,100,33.4,AGGREGATED,100
Edmonton South Campus UA,23-May-22,13.8,ACTUAL,100,51.9,ACTUAL,100,29.1,AGGREGATED,100
Edmonton South Campus UA,24-May-22,29.9,ACTUAL,100,72,ACTUAL,100,50.6,AGGREGATED,100
Edmonton South Campus UA,25-May-22,27.1,ACTUAL,100,84.1,ACTUAL,100,55.1,AGGREGATED,100
Edmonton South Campus UA,26-May-22,24.3,ACTUAL,100,99,ACTUAL,100,57.3,AGGREGATED,100
Edmonton South Campus UA,27-May-22,28.6,ACTUAL,100,84.3,ACTUAL,100,44.3,AGGREGATED,100
Edmonton South Campus UA,28-May-22,22.8,ACTUAL,100,87.4,ACTUAL,100,47.6,AGGREGATED,100
Edmonton South Campus UA,29-May-22,41.8,ACTUAL,100,91.3,ACTUAL,100,59.4,AGGREGATED,100
Edmonton South Campus UA,30-May-22,22.8,ACTUAL,100,87.2,ACTUAL,100,47.9,AGGREGATED,100
Edmonton South Campus UA,31-May-22,17.8,ACTUAL,100,67.1,ACTUAL,100,35.5,AGGREGATED,100
Edmonton South Campus UA,1-Jun-22,18.2,ACTUAL,100,74.7,ACTUAL,100,37.6,AGGREGATED,100
Edmonton South Campus UA,2-Jun-22,11.5,ACTUAL,100,68.3,ACTUAL,100,32.2,AGGREGATED,100
Edmonton South Campus UA,3-Jun-22,12.5,ACTUAL,100,38.9,ACTUAL,100,21.7,AGGREGATED,100
Edmonton South Campus UA,4-Jun-22,19.4,ACTUAL,100,44.9,ACTUAL,100,29.2,AGGREGATED,100
Edmonton South Campus UA,5-Jun-22,20.1,ACTUAL,100,42.7,ACTUAL,100,29.1,AGGREGATED,100
Edmonton South Campus UA,6-Jun-22,41.5,ACTUAL,100,91.8,ACTUAL,100,73.3,AGGREGATED,100
Edmonton South Campus UA,7-Jun-22,59.6,ACTUAL,100,99.2,ACTUAL,100,82.2,AGGREGATED,100
Edmonton South Campus UA,8-Jun-22,33.2,ACTUAL,95.8,91.4,ACTUAL,95.8,61.3,AGGREGATED,95.8
Edmonton South Campus UA,9-Jun-22,21.3,ACTUAL,100,95.1,ACTUAL,100,54.2,AGGREGATED,100
Edmonton South Campus UA,10-Jun-22,24.6,ACTUAL,100,78.6,ACTUAL,100,42.5,AGGREGATED,100
Edmonton South Campus UA,11-Jun-22,25.3,ACTUAL,100,65.1,ACTUAL,100,46.5,AGGREGATED,100
Edmonton South Campus UA,12-Jun-22,31.3,ACTUAL,100,89.8,ACTUAL,100,64,AGGREGATED,100
Edmonton South Campus UA,13-Jun-22,31.2,ACTUAL,100,96.5,ACTUAL,100,64.7,AGGREGATED,100
Edmonton South Campus UA,14-Jun-22,83.3,ACTUAL,100,95.6,ACTUAL,100,91.5,AGGREGATED,100
Edmonton South Campus UA,15-Jun-22,58.9,ACTUAL,100,93.3,ACTUAL,100,78.4,AGGREGATED,100
Edmonton South Campus UA,16-Jun-22,42.4,ACTUAL,100,91.8,ACTUAL,100,61.9,AGGREGATED,100
Edmonton South Campus UA,17-Jun-22,63.8,ACTUAL,100,90.3,ACTUAL,100,76.4,AGGREGATED,100
Edmonton South Campus UA,18-Jun-22,49.5,ACTUAL,100,95.1,ACTUAL,100,77.6,AGGREGATED,100
Edmonton South Campus UA,19-Jun-22,41.2,ACTUAL,100,85.5,ACTUAL,100,65.8,AGGREGATED,100
Edmonton South Campus UA,20-Jun-22,41.9,ACTUAL,100,83.7,ACTUAL,100,62.7,AGGREGATED,100
Edmonton South Campus UA,21-Jun-22,32.1,ACTUAL,100,92.6,ACTUAL,100,61,AGGREGATED,100
Edmonton South Campus UA,22-Jun-22,44.6,ACTUAL,100,95.1,ACTUAL,100,77.3,AGGREGATED,100
Edmonton South Campus UA,23-Jun-22,66.8,ACTUAL,100,96.5,ACTUAL,100,84.6,AGGREGATED,100
Edmonton South Campus UA,24-Jun-22,57.3,ACTUAL,100,91.5,ACTUAL,100,71.3,AGGREGATED,100
Edmonton South Campus UA,25-Jun-22,32.3,ACTUAL,100,84.3,ACTUAL,100,55.4,AGGREGATED,100
Edmonton South Campus UA,26-Jun-22,27.5,ACTUAL,100,77.5,ACTUAL,100,52.2,AGGREGATED,100
Edmonton South Campus UA,27-Jun-22,49.8,ACTUAL,100,90.2,ACTUAL,100,66.7,AGGREGATED,100
Edmonton South Campus UA,28-Jun-22,53,ACTUAL,100,91,ACTUAL,100,64.9,AGGREGATED,100
Edmonton South Campus UA,29-Jun-22,51.2,ACTUAL,100,96,ACTUAL,100,72.1,AGGREGATED,100
Edmonton South Campus UA,30-Jun-22,37.4,ACTUAL,100,93.1,ACTUAL,100,63.7,AGGREGATED,100
Edmonton South Campus UA,1-Jul-22,55,ACTUAL,100,87.4,ACTUAL,100,72.1,AGGREGATED,100
Edmonton South Campus UA,2-Jul-22,73.9,ACTUAL,100,95.7,ACTUAL,100,88.5,AGGREGATED,100
Edmonton South Campus UA,3-Jul-22,40.6,ACTUAL,100,98.5,ACTUAL,100,69.5,AGGREGATED,100
Edmonton South Campus UA,4-Jul-22,42.6,ACTUAL,100,93.7,ACTUAL,100,70.5,AGGREGATED,100
Edmonton South Campus UA,5-Jul-22,73.6,ACTUAL,100,94.5,ACTUAL,100,88.1,AGGREGATED,100
Edmonton South Campus UA,6-Jul-22,56.3,ACTUAL,100,92.2,ACTUAL,100,77.2,AGGREGATED,100
Edmonton South Campus UA,7-Jul-22,66.5,ACTUAL,100,87.8,ACTUAL,100,76.7,AGGREGATED,100
Edmonton South Campus UA,8-Jul-22,46.7,ACTUAL,100,96.6,ACTUAL,100,72.7,AGGREGATED,100
Edmonton South Campus UA,9-Jul-22,36.2,ACTUAL,100,91.2,ACTUAL,100,64.8,AGGREGATED,100
Edmonton South Campus UA,10-Jul-22,35,ACTUAL,100,82.9,ACTUAL,100,54.6,AGGREGATED,100
Edmonton South Campus UA,11-Jul-22,35.1,ACTUAL,100,82.6,ACTUAL,100,53.2,AGGREGATED,100
Edmonton South Campus UA,12-Jul-22,29.6,ACTUAL,100,78.7,ACTUAL,100,52.1,AGGREGATED,100
Edmonton South Campus UA,13-Jul-22,37.1,ACTUAL,100,76.7,ACTUAL,100,54.8,AGGREGATED,100
Edmonton South Campus UA,14-Jul-22,29.5,ACTUAL,100,82.4,ACTUAL,100,55.2,AGGREGATED,100
Edmonton South Campus UA,15-Jul-22,34.8,ACTUAL,100,87.1,ACTUAL,100,59.2,AGGREGATED,100
Edmonton South Campus UA,16-Jul-22,33.4,ACTUAL,100,82,ACTUAL,100,55.8,AGGREGATED,100
Edmonton South Campus UA,17-Jul-22,34.5,ACTUAL,100,79,ACTUAL,100,59.1,AGGREGATED,100
Edmonton South Campus UA,18-Jul-22,44.8,ACTUAL,100,86.3,ACTUAL,100,63.7,AGGREGATED,100
Edmonton South Campus UA,19-Jul-22,35.2,ACTUAL,100,81.1,ACTUAL,100,53.3,AGGREGATED,100
Edmonton South Campus UA,20-Jul-22,29.9,ACTUAL,100,72.4,ACTUAL,100,48.1,AGGREGATED,100
Edmonton South Campus UA,21-Jul-22,24.6,ACTUAL,100,78.7,ACTUAL,100,46.9,AGGREGATED,100
Edmonton South Campus UA,22-Jul-22,41.5,ACTUAL,100,70.1,ACTUAL,100,53.2,AGGREGATED,100
Edmonton South Campus UA,23-Jul-22,40.5,ACTUAL,100,83.1,ACTUAL,100,60.6,AGGREGATED,100
Edmonton South Campus UA,24-Jul-22,36.6,ACTUAL,100,86.1,ACTUAL,100,57.6,AGGREGATED,100
Edmonton South Campus UA,25-Jul-22,49.8,ACTUAL,100,79.8,ACTUAL,100,68.1,AGGREGATED,100
Edmonton South Campus UA,26-Jul-22,34.1,ACTUAL,100,87.8,ACTUAL,100,58.2,AGGREGATED,100
Edmonton South Campus UA,27-Jul-22,31.8,ACTUAL,100,76.1,ACTUAL,100,55.7,AGGREGATED,100
Edmonton South Campus UA,28-Jul-22,37.9,ACTUAL,100,80.5,ACTUAL,100,58.4,AGGREGATED,100
Edmonton South Campus UA,29-Jul-22,55.2,ACTUAL,100,89.3,ACTUAL,100,68.6,AGGREGATED,100
Edmonton South Campus UA,30-Jul-22,46.8,ACTUAL,100,78.4,ACTUAL,100,62.7,AGGREGATED,100
Edmonton South Campus UA,31-Jul-22,62.8,ACTUAL,100,87.6,ACTUAL,100,74.4,AGGREGATED,100
Edmonton South Campus UA,1-Aug-22,57,ACTUAL,100,95.9,ACTUAL,100,79.3,AGGREGATED,100
Edmonton South Campus UA,2-Aug-22,47,ACTUAL,100,86.4,ACTUAL,100,69.5,AGGREGATED,100
Edmonton South Campus UA,3-Aug-22,62.8,ACTUAL,100,88.9,ACTUAL,100,79.3,AGGREGATED,100
Edmonton South Campus UA,4-Aug-22,52.1,ACTUAL,100,96.1,ACTUAL,100,77.8,AGGREGATED,100
Edmonton South Campus UA,5-Aug-22,42,ACTUAL,100,92.7,ACTUAL,100,70.7,AGGREGATED,100
Edmonton South Campus UA,6-Aug-22,36.5,ACTUAL,100,89.8,ACTUAL,100,61.2,AGGREGATED,100
Edmonton South Campus UA,7-Aug-22,29.3,ACTUAL,100,75.2,ACTUAL,100,51.1,AGGREGATED,100
Edmonton South Campus UA,8-Aug-22,28.7,ACTUAL,100,87.1,ACTUAL,100,53.3,AGGREGATED,100
Edmonton South Campus UA,9-Aug-22,36.5,ACTUAL,100,85.4,ACTUAL,100,55.3,AGGREGATED,100
Edmonton South Campus UA,10-Aug-22,39.5,ACTUAL,100,74.5,ACTUAL,100,53.9,AGGREGATED,100
Edmonton South Campus UA,11-Aug-22,27.6,ACTUAL,100,92.3,ACTUAL,100,64.4,AGGREGATED,100
Edmonton South Campus UA,12-Aug-22,38.8,ACTUAL,100,90.4,ACTUAL,100,65.6,AGGREGATED,100
Edmonton South Campus UA,13-Aug-22,32.8,ACTUAL,100,78,ACTUAL,100,52.5,AGGREGATED,100
Edmonton South Campus UA,14-Aug-22,31.7,ACTUAL,100,77.6,ACTUAL,100,49.6,AGGREGATED,100
Edmonton South Campus UA,15-Aug-22,29.8,ACTUAL,100,82.9,ACTUAL,100,54,AGGREGATED,100
Edmonton South Campus UA,16-Aug-22,37.4,ACTUAL,100,82.9,ACTUAL,100,58.6,AGGREGATED,100
Edmonton South Campus UA,17-Aug-22,29.3,ACTUAL,100,84.1,ACTUAL,100,54.7,AGGREGATED,100
Edmonton South Campus UA,18-Aug-22,33.2,ACTUAL,100,81.1,ACTUAL,100,52.5,AGGREGATED,100
Edmonton South Campus UA,19-Aug-22,23.4,ACTUAL,83.3,63.6,ACTUAL,83.3,42,AGGREGATED,83.3
Edmonton South Campus UA,20-Aug-22,31.5,ACTUAL,100,79.6,ACTUAL,100,55,AGGREGATED,100
Edmonton South Campus UA,21-Aug-22,54.7,ACTUAL,100,89.7,ACTUAL,100,69.4,AGGREGATED,100
Edmonton South Campus UA,22-Aug-22,29.1,ACTUAL,100,91,ACTUAL,100,54.4,AGGREGATED,100
Edmonton South Campus UA,23-Aug-22,28.4,ACTUAL,100,83,ACTUAL,100,50.7,AGGREGATED,100
Edmonton South Campus UA,24-Aug-22,22.4,ACTUAL,100,85.3,ACTUAL,100,50.5,AGGREGATED,100
Edmonton South Campus UA,25-Aug-22,26.8,ACTUAL,100,69.3,ACTUAL,100,45.3,AGGREGATED,100
Edmonton South Campus UA,26-Aug-22,26.6,ACTUAL,100,74.9,ACTUAL,100,50.9,AGGREGATED,100
Edmonton South Campus UA,27-Aug-22,57.1,ACTUAL,100,90.2,ACTUAL,100,70.2,AGGREGATED,100
Edmonton South Campus UA,28-Aug-22,31,ACTUAL,100,69.3,ACTUAL,100,49.4,AGGREGATED,100
Edmonton South Campus UA,29-Aug-22,25.9,ACTUAL,100,81.4,ACTUAL,100,50.7,AGGREGATED,100
Edmonton South Campus UA,30-Aug-22,20.7,ACTUAL,100,85.2,ACTUAL,100,48.7,AGGREGATED,100
Edmonton South Campus UA,31-Aug-22,23.9,ACTUAL,100,84.1,ACTUAL,100,47.1,AGGREGATED,100
Edmonton South Campus UA,1-Sep-22,21.8,ACTUAL,100,71.6,ACTUAL,100,43.4,AGGREGATED,100
Edmonton South Campus UA,2-Sep-22,17.9,ACTUAL,100,68,ACTUAL,100,40.5,AGGREGATED,100
Edmonton South Campus UA,3-Sep-22,14.9,ACTUAL,100,68.3,ACTUAL,100,41.2,AGGREGATED,100
Edmonton South Campus UA,4-Sep-22,20.1,ACTUAL,100,75.5,ACTUAL,100,46.2,AGGREGATED,100
Edmonton South Campus UA,5-Sep-22,25.6,ACTUAL,100,64.1,ACTUAL,100,49.9,AGGREGATED,100
Edmonton South Campus UA,6-Sep-22,23.3,ACTUAL,100,68.4,ACTUAL,100,45.6,AGGREGATED,100
Edmonton South Campus UA,7-Sep-22,44.8,ACTUAL,100,82,ACTUAL,100,60,AGGREGATED,100
Edmonton South Campus UA,8-Sep-22,38.3,ACTUAL,100,84.4,ACTUAL,100,60.8,AGGREGATED,100
Edmonton South Campus UA,9-Sep-22,25.2,ACTUAL,100,88.7,ACTUAL,100,55.9,AGGREGATED,100
Edmonton South Campus UA,10-Sep-22,22.7,ACTUAL,100,70.5,ACTUAL,100,46.1,AGGREGATED,100
Edmonton South Campus UA,11-Sep-22,20.2,ACTUAL,100,83.4,ACTUAL,100,47.6,AGGREGATED,100
Edmonton South Campus UA,12-Sep-22,25.4,ACTUAL,100,75.2,ACTUAL,100,46.9,AGGREGATED,100
Edmonton South Campus UA,13-Sep-22,42.5,ACTUAL,100,79,ACTUAL,100,52.4,AGGREGATED,100
Edmonton South Campus UA,14-Sep-22,27.7,ACTUAL,100,94,ACTUAL,100,61.7,AGGREGATED,100
Edmonton South Campus UA,15-Sep-22,40.9,ACTUAL,100,89.1,ACTUAL,100,62.6,AGGREGATED,100
Edmonton South Campus UA,16-Sep-22,42.1,ACTUAL,100,95.5,ACTUAL,100,73.2,AGGREGATED,100
Edmonton South Campus UA,17-Sep-22,42.5,ACTUAL,100,84.7,ACTUAL,100,64.5,AGGREGATED,100
Edmonton South Campus UA,18-Sep-22,48,ACTUAL,100,83.6,ACTUAL,100,68.2,AGGREGATED,100
Edmonton South Campus UA,19-Sep-22,67.1,ACTUAL,100,92.9,ACTUAL,100,79.9,AGGREGATED,100
Edmonton South Campus UA,20-Sep-22,34.7,ACTUAL,100,83,ACTUAL,100,61.8,AGGREGATED,100
Edmonton South Campus UA,21-Sep-22,19.9,ACTUAL,100,74.6,ACTUAL,100,48.6,AGGREGATED,100
Edmonton South Campus UA,22-Sep-22,28.5,ACTUAL,100,65,ACTUAL,100,47.7,AGGREGATED,100
Edmonton South Campus UA,23-Sep-22,36.4,ACTUAL,100,85.5,ACTUAL,100,65.7,AGGREGATED,100
Edmonton South Campus UA,24-Sep-22,26.3,ACTUAL,100,81.9,ACTUAL,100,51.6,AGGREGATED,100
Edmonton South Campus UA,25-Sep-22,22.8,ACTUAL,100,80.4,ACTUAL,100,52.4,AGGREGATED,100
Edmonton South Campus UA,26-Sep-22,34.2,ACTUAL,100,68.8,ACTUAL,100,51.5,AGGREGATED,100
Edmonton South Campus UA,27-Sep-22,28.9,ACTUAL,100,70,ACTUAL,100,50.1,AGGREGATED,100
Edmonton South Campus UA,28-Sep-22,20.7,ACTUAL,100,80.5,ACTUAL,100,54.9,AGGREGATED,100
Edmonton South Campus UA,29-Sep-22,45,ACTUAL,100,88.2,ACTUAL,100,67.9,AGGREGATED,100
Edmonton South Campus UA,30-Sep-22,53.5,ACTUAL,100,90.8,ACTUAL,100,76.9,AGGREGATED,100
Edmonton South Campus UA,1-Oct-22,52.1,ACTUAL,100,98.3,ACTUAL,100,77,AGGREGATED,100
Edmonton South Campus UA,2-Oct-22,32,ACTUAL,100,85.1,ACTUAL,100,58.5,AGGREGATED,100
Edmonton South Campus UA,3-Oct-22,32.7,ACTUAL,100,73.5,ACTUAL,100,51.1,AGGREGATED,100
Edmonton South Campus UA,4-Oct-22,24.6,ACTUAL,100,84.3,ACTUAL,100,53.6,AGGREGATED,100
Edmonton South Campus UA,5-Oct-22,49.8,ACTUAL,100,84.1,ACTUAL,100,66.3,AGGREGATED,100
Edmonton South Campus UA,6-Oct-22,45.4,ACTUAL,100,90,ACTUAL,100,66.4,AGGREGATED,100
Edmonton South Campus UA,7-Oct-22,35.7,ACTUAL,100,96.5,ACTUAL,100,71.5,AGGREGATED,100
Edmonton South Campus UA,8-Oct-22,28.7,ACTUAL,100,87.9,ACTUAL,100,62.4,AGGREGATED,100
Edmonton South Campus UA,9-Oct-22,28.3,ACTUAL,100,91.8,ACTUAL,100,60.1,AGGREGATED,100
Edmonton South Campus UA,10-Oct-22,34.5,ACTUAL,100,72.2,ACTUAL,100,56.2,AGGREGATED,100
Edmonton South Campus UA,11-Oct-22,28.9,ACTUAL,100,63.5,ACTUAL,100,43.5,AGGREGATED,100
Edmonton South Campus UA,12-Oct-22,31.2,ACTUAL,100,60.9,ACTUAL,100,46.7,AGGREGATED,100
Edmonton South Campus UA,13-Oct-22,22.7,ACTUAL,100,76.9,ACTUAL,100,49.3,AGGREGATED,100
Edmonton South Campus UA,14-Oct-22,30.8,ACTUAL,100,52.1,ACTUAL,100,42.8,AGGREGATED,100
Edmonton South Campus UA,15-Oct-22,28.3,ACTUAL,100,77.8,ACTUAL,100,48.7,AGGREGATED,100
Edmonton South Campus UA,16-Oct-22,32.2,ACTUAL,100,60.3,ACTUAL,100,46.1,AGGREGATED,100
Edmonton South Campus UA,17-Oct-22,21,ACTUAL,100,79.3,ACTUAL,100,52.9,AGGREGATED,100
Edmonton South Campus UA,18-Oct-22,18.8,ACTUAL,100,72.4,ACTUAL,100,47.7,AGGREGATED,100
Edmonton South Campus UA,19-Oct-22,19.2,ACTUAL,100,73.4,ACTUAL,100,46.5,AGGREGATED,100
Edmonton South Campus UA,20-Oct-22,32.8,ACTUAL,100,88.6,ACTUAL,100,49.5,AGGREGATED,100
Edmonton South Campus UA,21-Oct-22,43,ACTUAL,100,73.7,ACTUAL,100,53.2,AGGREGATED,100
Edmonton South Campus UA,22-Oct-22,81.5,ACTUAL,100,93.3,ACTUAL,100,88.5,AGGREGATED,100
Edmonton South Campus UA,23-Oct-22,53.8,ACTUAL,100,93.9,ACTUAL,100,77.4,AGGREGATED,100
Edmonton South Campus UA,24-Oct-22,76,ACTUAL,100,94.4,ACTUAL,100,83.5,AGGREGATED,100
Edmonton South Campus UA,25-Oct-22,37,ACTUAL,100,97.9,ACTUAL,100,73.1,AGGREGATED,100
Edmonton South Campus UA,26-Oct-22,37.4,ACTUAL,100,84.7,ACTUAL,100,62,AGGREGATED,100
Edmonton South Campus UA,27-Oct-22,16.9,ACTUAL,100,55.5,ACTUAL,100,37,AGGREGATED,100
Edmonton South Campus UA,28-Oct-22,29.9,ACTUAL,100,81,ACTUAL,100,54.6,AGGREGATED,100
Edmonton South Campus UA,29-Oct-22,20.7,ACTUAL,100,63.5,ACTUAL,100,42.8,AGGREGATED,100
Edmonton South Campus UA,30-Oct-22,17.5,ACTUAL,100,64.4,ACTUAL,100,42.3,AGGREGATED,100
Edmonton South Campus UA,31-Oct-22,26.6,ACTUAL,100,81,ACTUAL,100,50.8,AGGREGATED,100
Edmonton South Campus UA,1-Nov-22,66.3,ACTUAL,100,96.4,ACTUAL,100,79.3,AGGREGATED,100
Edmonton South Campus UA,2-Nov-22,75.8,ACTUAL,100,93,ACTUAL,100,84.8,AGGREGATED,100
Edmonton South Campus UA,3-Nov-22,66,ACTUAL,100,84.4,ACTUAL,100,75.7,AGGREGATED,100
Edmonton South Campus UA,4-Nov-22,52.6,ACTUAL,100,79.2,ACTUAL,100,67.3,AGGREGATED,100
Edmonton South Campus UA,5-Nov-22,69.3,ACTUAL,100,89.3,ACTUAL,100,81.1,AGGREGATED,100
Edmonton South Campus UA,6-Nov-22,58.9,ACTUAL,100,82.9,ACTUAL,100,74.3,AGGREGATED,100
Edmonton South Campus UA,7-Nov-22,70.2,ACTUAL,100,81.7,ACTUAL,100,77.3,AGGREGATED,100
Edmonton South Campus UA,8-Nov-22,66.5,ACTUAL,100,82.2,ACTUAL,100,76.9,AGGREGATED,100
Edmonton South Campus UA,9-Nov-22,61.4,ACTUAL,100,80.7,ACTUAL,100,73.6,AGGREGATED,100
Edmonton South Campus UA,10-Nov-22,57.6,ACTUAL,100,82.6,ACTUAL,100,71.2,AGGREGATED,100
Edmonton South Campus UA,11-Nov-22,61.2,ACTUAL,100,82.7,ACTUAL,100,74.1,AGGREGATED,100
Edmonton South Campus UA,12-Nov-22,71.4,ACTUAL,100,87.1,ACTUAL,100,77.8,AGGREGATED,100
Edmonton South Campus UA,13-Nov-22,51.7,ACTUAL,100,92.8,ACTUAL,100,76.8,AGGREGATED,100
Edmonton South Campus UA,14-Nov-22,55.2,ACTUAL,100,91,ACTUAL,100,74.9,AGGREGATED,100
Edmonton South Campus UA,15-Nov-22,47.6,ACTUAL,100,86.8,ACTUAL,100,69.4,AGGREGATED,100
Edmonton South Campus UA,16-Nov-22,61,ACTUAL,100,78.1,ACTUAL,100,71.6,AGGREGATED,100
Edmonton South Campus UA,17-Nov-22,64.4,ACTUAL,100,79.7,ACTUAL,100,71.7,AGGREGATED,100
Edmonton South Campus UA,18-Nov-22,32.4,ACTUAL,100,60.8,ACTUAL,100,47.4,AGGREGATED,100
Edmonton South Campus UA,19-Nov-22,23.6,ACTUAL,100,62.8,ACTUAL,100,43.1,AGGREGATED,100
Edmonton South Campus UA,20-Nov-22,34.7,ACTUAL,100,88,ACTUAL,100,51.1,AGGREGATED,100
Edmonton South Campus UA,21-Nov-22,47.8,ACTUAL,100,91.4,ACTUAL,100,70.3,AGGREGATED,100
Edmonton South Campus UA,22-Nov-22,58.2,ACTUAL,100,85.2,ACTUAL,100,68.9,AGGREGATED,100
Edmonton South Campus UA,23-Nov-22,45.6,ACTUAL,100,90.8,ACTUAL,100,65.8,AGGREGATED,100
Edmonton South Campus UA,24-Nov-22,50.2,ACTUAL,100,83.5,ACTUAL,100,62.6,AGGREGATED,100
Edmonton South Campus UA,25-Nov-22,45.2,ACTUAL,100,92.2,ACTUAL,100,78.9,AGGREGATED,100
Edmonton South Campus UA,26-Nov-22,46.2,ACTUAL,100,67.9,ACTUAL,100,55.7,AGGREGATED,100
Edmonton South Campus UA,27-Nov-22,46.6,ACTUAL,100,75.5,ACTUAL,100,59.6,AGGREGATED,100
Edmonton South Campus UA,28-Nov-22,65.4,ACTUAL,100,80.9,ACTUAL,100,74.4,AGGREGATED,100
Edmonton South Campus UA,29-Nov-22,68.1,ACTUAL,100,80.3,ACTUAL,100,74.2,AGGREGATED,100
Edmonton South Campus UA,30-Nov-22,75,ACTUAL,100,81.3,ACTUAL,100,77.4,AGGREGATED,100
Edmonton South Campus UA,1-Dec-22,68.7,ACTUAL,100,78.3,ACTUAL,100,74.5,AGGREGATED,100
Edmonton South Campus UA,2-Dec-22,57.7,ACTUAL,100,77.9,ACTUAL,100,70.1,AGGREGATED,100
Edmonton South Campus UA,3-Dec-22,45.1,ACTUAL,100,78.7,ACTUAL,100,67.1,AGGREGATED,100
Edmonton South Campus UA,4-Dec-22,42.9,ACTUAL,100,67.2,ACTUAL,100,56.7,AGGREGATED,100
Edmonton South Campus UA,5-Dec-22,56.4,ACTUAL,100,81.2,ACTUAL,100,70.2,AGGREGATED,100
Edmonton South Campus UA,6-Dec-22,65.2,ACTUAL,100,75.2,ACTUAL,100,70.5,AGGREGATED,100
Edmonton South Campus UA,7-Dec-22,53.7,ACTUAL,100,81.9,ACTUAL,100,70.9,AGGREGATED,100
Edmonton South Campus UA,8-Dec-22,61.3,ACTUAL,100,88.5,ACTUAL,100,75.4,AGGREGATED,100
Edmonton South Campus UA,9-Dec-22,51.1,ACTUAL,100,84.4,ACTUAL,100,70.9,AGGREGATED,100
Edmonton South Campus UA,10-Dec-22,58.1,ACTUAL,100,79.1,ACTUAL,100,69.9,AGGREGATED,100
Edmonton South Campus UA,11-Dec-22,59.7,ACTUAL,100,86.8,ACTUAL,100,71.6,AGGREGATED,100
Edmonton South Campus UA,12-Dec-22,61.5,ACTUAL,100,77.1,ACTUAL,100,69.2,AGGREGATED,100
Edmonton South Campus UA,13-Dec-22,67.4,ACTUAL,100,86.5,ACTUAL,100,73.4,AGGREGATED,100
Edmonton South Campus UA,14-Dec-22,65.7,ACTUAL,100,90.2,ACTUAL,100,80.1,AGGREGATED,100
Edmonton South Campus UA,15-Dec-22,66.1,ACTUAL,100,88.9,ACTUAL,100,83.5,AGGREGATED,100
Edmonton South Campus UA,16-Dec-22,69,ACTUAL,100,96.4,ACTUAL,100,84.5,AGGREGATED,100
Edmonton South Campus UA,17-Dec-22,64.5,ACTUAL,100,79.3,ACTUAL,100,72,AGGREGATED,100
Edmonton South Campus UA,18-Dec-22,65,ACTUAL,100,77.2,ACTUAL,100,73.6,AGGREGATED,100
Edmonton South Campus UA,19-Dec-22,64.8,ACTUAL,100,74.2,ACTUAL,100,70.4,AGGREGATED,100
Edmonton South Campus UA,20-Dec-22,65.6,ACTUAL,100,71.4,ACTUAL,100,69.3,AGGREGATED,100
Edmonton South Campus UA,21-Dec-22,64.7,ACTUAL,100,70.2,ACTUAL,100,67.9,AGGREGATED,100
Edmonton South Campus UA,22-Dec-22,65.6,ACTUAL,100,72.2,ACTUAL,100,69.6,AGGREGATED,100
Edmonton South Campus UA,23-Dec-22,59.5,ACTUAL,100,72.4,ACTUAL,100,65.4,AGGREGATED,100
Edmonton South Campus UA,24-Dec-22,71.2,ACTUAL,100,82,ACTUAL,100,73.7,AGGREGATED,100
Edmonton South Campus UA,25-Dec-22,68.2,ACTUAL,100,83.1,ACTUAL,100,76.6,AGGREGATED,100
Edmonton South Campus UA,26-Dec-22,75.3,ACTUAL,100,88.5,ACTUAL,100,80.3,AGGREGATED,100
Edmonton South Campus UA,27-Dec-22,82.2,ACTUAL,100,88.1,ACTUAL,100,85.1,AGGREGATED,100
Edmonton South Campus UA,28-Dec-22,71.6,ACTUAL,100,85.9,ACTUAL,100,80.1,AGGREGATED,100
Edmonton South Campus UA,29-Dec-22,74,ACTUAL,100,94.4,ACTUAL,100,85,AGGREGATED,100
Edmonton South Campus UA,30-Dec-22,87.4,ACTUAL,100,93.6,ACTUAL,100,91.1,AGGREGATED,100
Edmonton South Campus UA,31-Dec-22,82.6,ACTUAL,100,91.4,ACTUAL,100,87.3,AGGREGATED,100
Edmonton South Campus UA,1-Jan-23,74.3,ACTUAL,100,92.4,ACTUAL,100,87.3,AGGREGATED,100
Edmonton South Campus UA,2-Jan-23,53.9,ACTUAL,100,88.2,ACTUAL,100,72.1,AGGREGATED,100
Edmonton South Campus UA,3-Jan-23,64.2,ACTUAL,100,87.8,ACTUAL,100,77.4,AGGREGATED,100
Edmonton South Campus UA,4-Jan-23,54.1,ACTUAL,100,88.1,ACTUAL,100,77.4,AGGREGATED,100
Edmonton South Campus UA,5-Jan-23,56.8,ACTUAL,100,85.7,ACTUAL,100,73.2,AGGREGATED,100
Edmonton South Campus UA,6-Jan-23,45.5,ACTUAL,100,84.5,ACTUAL,100,72.6,AGGREGATED,100
Edmonton South Campus UA,7-Jan-23,58.9,ACTUAL,100,86.1,ACTUAL,100,74.6,AGGREGATED,100
Edmonton South Campus UA,8-Jan-23,67.1,ACTUAL,100,90.2,ACTUAL,100,82.1,AGGREGATED,100
Edmonton South Campus UA,9-Jan-23,66.8,ACTUAL,100,92.5,ACTUAL,100,84.4,AGGREGATED,100
Edmonton South Campus UA,10-Jan-23,90.7,ACTUAL,100,94.3,ACTUAL,100,92.5,AGGREGATED,100
Edmonton South Campus UA,11-Jan-23,88.1,ACTUAL,100,95.1,ACTUAL,100,91.4,AGGREGATED,100
Edmonton South Campus UA,12-Jan-23,82.5,ACTUAL,100,91.5,ACTUAL,100,88.2,AGGREGATED,100
Edmonton South Campus UA,13-Jan-23,74.1,ACTUAL,100,87.2,ACTUAL,100,82.6,AGGREGATED,100
Edmonton South Campus UA,14-Jan-23,73.4,ACTUAL,100,89.6,ACTUAL,100,83,AGGREGATED,100
Edmonton South Campus UA,15-Jan-23,80.2,ACTUAL,100,90.1,ACTUAL,100,86.7,AGGREGATED,100
Edmonton South Campus UA,16-Jan-23,85.6,ACTUAL,100,95.4,ACTUAL,100,90.7,AGGREGATED,100
Edmonton South Campus UA,17-Jan-23,90.6,ACTUAL,100,95,ACTUAL,100,93.2,AGGREGATED,100
Edmonton South Campus UA,18-Jan-23,69.5,ACTUAL,100,90.2,ACTUAL,100,83.6,AGGREGATED,100
Edmonton South Campus UA,19-Jan-23,45.5,ACTUAL,100,87.3,ACTUAL,100,72,AGGREGATED,100
Edmonton South Campus UA,20-Jan-23,44.4,ACTUAL,100,73.6,ACTUAL,100,58.3,AGGREGATED,100
Edmonton South Campus UA,21-Jan-23,46.6,ACTUAL,100,83.5,ACTUAL,100,67.9,AGGREGATED,100
Edmonton South Campus UA,22-Jan-23,52.8,ACTUAL,100,79.3,ACTUAL,100,64.1,AGGREGATED,100
Edmonton South Campus UA,23-Jan-23,55,ACTUAL,100,80.2,ACTUAL,100,66.2,AGGREGATED,100
Edmonton South Campus UA,24-Jan-23,59.3,ACTUAL,100,91.3,ACTUAL,100,68.9,AGGREGATED,100
Edmonton South Campus UA,25-Jan-23,57.6,ACTUAL,100,74.8,ACTUAL,100,68.4,AGGREGATED,100
Edmonton South Campus UA,26-Jan-23,48.2,ACTUAL,100,78.2,ACTUAL,100,61.8,AGGREGATED,100
Edmonton South Campus UA,27-Jan-23,65,ACTUAL,100,90,ACTUAL,100,77.9,AGGREGATED,100
Edmonton South Campus UA,28-Jan-23,52.7,ACTUAL,100,68.5,ACTUAL,100,60.5,AGGREGATED,100
Edmonton South Campus UA,29-Jan-23,53.7,ACTUAL,100,79.6,ACTUAL,100,64.9,AGGREGATED,100
Edmonton South Campus UA,30-Jan-23,58,ACTUAL,100,82.8,ACTUAL,100,68.5,AGGREGATED,100
Edmonton South Campus UA,31-Jan-23,66.9,ACTUAL,100,89.7,ACTUAL,100,81.6,AGGREGATED,100
Edmonton South Campus UA,1-Feb-23,64.2,ACTUAL,100,86.3,ACTUAL,100,75.6,AGGREGATED,100
Edmonton South Campus UA,2-Feb-23,63.7,ACTUAL,100,74.6,ACTUAL,100,69.1,AGGREGATED,100
Edmonton South Campus UA,3-Feb-23,42.7,ACTUAL,100,76.4,ACTUAL,100,66,AGGREGATED,100
Edmonton South Campus UA,4-Feb-23,45.6,ACTUAL,100,83.6,ACTUAL,100,68.2,AGGREGATED,100
Edmonton South Campus UA,5-Feb-23,39.3,ACTUAL,100,71.2,ACTUAL,100,60.2,AGGREGATED,100
Edmonton South Campus UA,6-Feb-23,43.6,ACTUAL,100,82.2,ACTUAL,100,57.3,AGGREGATED,100
Edmonton South Campus UA,7-Feb-23,37.9,ACTUAL,100,82.9,ACTUAL,100,58.1,AGGREGATED,100
Edmonton South Campus UA,8-Feb-23,55.4,ACTUAL,100,97.8,ACTUAL,100,77,AGGREGATED,100
Edmonton South Campus UA,9-Feb-23,48.3,ACTUAL,100,77.5,ACTUAL,100,61.9,AGGREGATED,100
Edmonton South Campus UA,10-Feb-23,36.9,ACTUAL,100,80.1,ACTUAL,100,56,AGGREGATED,100
Edmonton South Campus UA,11-Feb-23,32.2,ACTUAL,100,58.5,ACTUAL,100,46.9,AGGREGATED,100
Edmonton South Campus UA,12-Feb-23,42.6,ACTUAL,100,77,ACTUAL,100,57.1,AGGREGATED,100
Edmonton South Campus UA,13-Feb-23,46.5,ACTUAL,100,78.7,ACTUAL,100,62.6,AGGREGATED,100
Edmonton South Campus UA,14-Feb-23,62.2,ACTUAL,100,88.4,ACTUAL,100,75.6,AGGREGATED,100
Edmonton South Campus UA,15-Feb-23,60.9,ACTUAL,100,84.7,ACTUAL,100,76.3,AGGREGATED,100
Edmonton South Campus UA,16-Feb-23,38.4,ACTUAL,100,80.3,ACTUAL,100,60.8,AGGREGATED,100
Edmonton South Campus UA,17-Feb-23,31.2,ACTUAL,100,81.1,ACTUAL,100,47.3,AGGREGATED,100
Edmonton South Campus UA,18-Feb-23,53.2,ACTUAL,100,88,ACTUAL,100,72.9,AGGREGATED,100
Edmonton South Campus UA,19-Feb-23,76.4,ACTUAL,100,94.2,ACTUAL,100,85.4,AGGREGATED,100
Edmonton South Campus UA,20-Feb-23,48.6,ACTUAL,100,83.6,ACTUAL,100,68.1,AGGREGATED,100
Edmonton South Campus UA,21-Feb-23,58,ACTUAL,100,78,ACTUAL,100,66.4,AGGREGATED,100
Edmonton South Campus UA,22-Feb-23,59.9,ACTUAL,100,71.9,ACTUAL,100,66.3,AGGREGATED,100
Edmonton South Campus UA,23-Feb-23,52.1,ACTUAL,100,74.3,ACTUAL,100,65.8,AGGREGATED,100
Edmonton South Campus UA,24-Feb-23,50.3,ACTUAL,100,75.3,ACTUAL,100,64.8,AGGREGATED,100
Edmonton South Campus UA,25-Feb-23,57,ACTUAL,100,73.7,ACTUAL,100,64,AGGREGATED,100
Edmonton South Campus UA,26-Feb-23,53,ACTUAL,100,73.9,ACTUAL,100,62.5,AGGREGATED,100
Edmonton South Campus UA,27-Feb-23,45.2,ACTUAL,100,84.6,ACTUAL,100,66.3,AGGREGATED,100
Edmonton South Campus UA,28-Feb-23,67.4,ACTUAL,100,83.2,ACTUAL,100,75.7,AGGREGATED,100
Edmonton South Campus UA,1-Mar-23,62.8,ACTUAL,100,83.5,ACTUAL,100,74.1,AGGREGATED,100
Edmonton South Campus UA,2-Mar-23,25.2,ACTUAL,100,74.4,ACTUAL,100,55.1,AGGREGATED,100
Edmonton South Campus UA,3-Mar-23,32.2,ACTUAL,100,69.2,ACTUAL,100,43.9,AGGREGATED,100
Edmonton South Campus UA,4-Mar-23,46.9,ACTUAL,100,82.6,ACTUAL,100,66.9,AGGREGATED,100
Edmonton South Campus UA,5-Mar-23,57.5,ACTUAL,100,77.3,ACTUAL,100,66,AGGREGATED,100
Edmonton South Campus UA,6-Mar-23,65.3,ACTUAL,100,78.3,ACTUAL,100,70.4,AGGREGATED,100
Edmonton South Campus UA,7-Mar-23,64.7,ACTUAL,100,79,ACTUAL,100,73.1,AGGREGATED,100
Edmonton South Campus UA,8-Mar-23,63.8,ACTUAL,100,77.5,ACTUAL,100,71.8,AGGREGATED,100
Edmonton South Campus UA,9-Mar-23,64,ACTUAL,100,79.2,ACTUAL,100,72.6,AGGREGATED,100
Edmonton South Campus UA,10-Mar-23,64.7,ACTUAL,100,84.6,ACTUAL,100,75.7,AGGREGATED,100
Edmonton South Campus UA,11-Mar-23,52.8,ACTUAL,100,86.4,ACTUAL,100,74.3,AGGREGATED,100
Edmonton South Campus UA,12-Mar-23,62.5,ACTUAL,100,86.2,ACTUAL,100,77,AGGREGATED,100
Edmonton South Campus UA,13-Mar-23,60.4,ACTUAL,100,84.9,ACTUAL,100,75.6,AGGREGATED,100
Edmonton South Campus UA,14-Mar-23,37.2,ACTUAL,100,85.4,ACTUAL,100,64.5,AGGREGATED,100
Edmonton South Campus UA,15-Mar-23,44.4,ACTUAL,100,87.2,ACTUAL,100,68,AGGREGATED,100
Edmonton South Campus UA,16-Mar-23,31.1,ACTUAL,100,88.5,ACTUAL,100,57.7,AGGREGATED,100
Edmonton South Campus UA,17-Mar-23,33.4,ACTUAL,100,70,ACTUAL,100,52.7,AGGREGATED,100
Edmonton South Campus UA,18-Mar-23,23.1,ACTUAL,100,87.6,ACTUAL,100,57.5,AGGREGATED,100
Edmonton South Campus UA,19-Mar-23,28.6,ACTUAL,100,72.9,ACTUAL,100,51.9,AGGREGATED,100
Edmonton South Campus UA,20-Mar-23,30.1,ACTUAL,100,87.1,ACTUAL,100,59.7,AGGREGATED,100
Edmonton South Campus UA,21-Mar-23,34.8,ACTUAL,100,89.6,ACTUAL,100,66,AGGREGATED,100
Edmonton South Campus UA,22-Mar-23,28.8,ACTUAL,100,76.8,ACTUAL,100,56.6,AGGREGATED,100
Edmonton South Campus UA,23-Mar-23,29.2,ACTUAL,100,67.8,ACTUAL,100,48,AGGREGATED,100
Edmonton South Campus UA,24-Mar-23,56.2,ACTUAL,100,82.1,ACTUAL,100,66.6,AGGREGATED,100
Edmonton South Campus UA,25-Mar-23,50.6,ACTUAL,100,89.5,ACTUAL,100,76,AGGREGATED,100
Edmonton South Campus UA,26-Mar-23,44.3,ACTUAL,100,94.2,ACTUAL,100,70.1,AGGREGATED,100
Edmonton South Campus UA,27-Mar-23,43.4,ACTUAL,100,73.1,ACTUAL,100,56.8,AGGREGATED,100
Edmonton South Campus UA,28-Mar-23,,UNAVAILBLE,,,UNAVAILBLE,,,UNAVAILBLE,
